指标,角色,问题,问题的不同的问法,问题类型,主题,指标名称,开始时间/基准时间,结束时间/对比时间,统计时效,维度(分组),限定条件,排序字段,排序方向,TopN,指标单位,精度,表,字段,答案-SQL部分,推荐的关联问题,结果+分析解读部分,
销售额,"老板【总部】,采购【总部】,营销【总部】",昨天的销售额是多少？,"昨天销售额咋样？
昨天的业绩如何？
昨日的销售情况
昨天的销售额
营业收入，昨天
昨天，销售业绩
昨天，营业收入是多少？
昨天的销售总额
昨天，收入情况
昨日，销售额有多少？
昨天，销售收入如何？
销售额，昨天
昨天，营收情况
昨天，销售了多少？
昨天，销售业绩怎样？
昨天，销售总额是多少？
昨天的销售总额有多少？
昨日的业绩如何？
昨天的收入情况怎样？
昨日的销售收入是多少？
昨天的营业收入是多少？
昨天的营业额是多少？
昨天的销售收入情况如何？
昨日的销售情况怎样？
昨天的营业额是多少？
昨天的营收情况如何？
昨天的销售总额情况如何？
昨日的营业收入情况怎样？
昨天的销售情况如何？
昨日的销售收入情况怎样？
昨天的业绩情况如何？
昨日的销售额情况如何？
昨天的营收情况怎样？
昨日的营业额情况如何？
昨天的销售总额情况怎样？
昨日的销售收入情况如何？
昨天的销售额情况如何？
昨日的营业收入情况怎样？
昨天的营业额情况如何？
昨天的营收情况如何？
昨天的销售总额是多少？",指标类,销售,销售额,2024-05-06,2024-05-06,日,组织,/,/,/,/,元,2位小数,vw_dwd_fact_store_order_detail,vw_dwd_fact_store_order_detail.sales_amt,"select sum(sales_amt) as '销售金额' 
from vw_dwd_fact_store_order_detail
where business_date=to_date('2024-05-06')",,,
销售额,"老板【总部】,采购【总部】,营销【总部】",昨天的销售额为什么比去年同期低？,,归因类,销售,,2024-05-06,2023-05-06,日,,,,,,元,2位小数,,,"bigmodel/attributionAnalysis1
bigmodel/attributionAnalysis2",,,
销售额,"老板【总部】,采购【总部】,营销【总部】",4月的销售额为什么环比下降了？,,归因类,销售,,2024-04,2024-03,月,,,,,,,,,,"bigmodel/attributionAnalysis1
bigmodel/attributionAnalysis2",,,
销售额,"老板【总部】,采购【总部】,营销【总部】",昨天的销售额为什么比前一天低？,,归因类,销售,销售额,2024-05-06,2024-05-05,日,,,,,,,,,,"bigmodel/attributionAnalysis1
bigmodel/attributionAnalysis2",,,
销售额,"老板【总部】,采购【总部】,营销【总部】",5月9号的销售额是多少？,"5月9号销售
五月九号，收入
五月9号的营业收入
五月9号，卖了多少？
5月9号的营收
五月9号，销售收入
销售，5月9号
5月9号的销售额是多少？
五月九号，销售金额
营收，五月9号
5月9号，业绩
5月9号，营业收入是多少？
五月九号，销售总额
五月9号，销售情况
5月9号，收入情况
营业收入，5月9号
五月9号，营收
5月9号的销售金额是多少？
五月九号的营业收入如何？
五月9号的营业额是多少？
5月9号的营收情况如何？
5月9号的业绩怎样？
五月九号的销售情况如何？
五月9号的销售总额多少？
5月9号的营业收入有多少？
五月9号的营收情况怎样？
5月9号的销售收入情况如何？
五月9号的销售额怎样？
5月9号的销售业绩如何？
五月9号的营业额情况如何？
5月9号的营收情况如何？
五月9号的销售总额情况如何？
5月9号的营业收入情况如何？
五月9号的销售收入情况怎样？
5月9号的业绩情况如何？
五月9号的销售情况怎样？
5月9号的营业收入是多少？
五月9号的营收情况如何？
5月9号的销售总额情况怎样？
五月9号的业绩情况如何？
5月9号的销售收入情况怎样？
五月9号的销售情况如何？",指标类,销售,销售额,2024-05-09,2024-05-09,日,,,,,,,,vw_dwd_fact_store_order_detail,vw_dwd_fact_store_order_detail.sales_amt,"select sum(sales_amt) as '销售金额' 
from vw_dwd_fact_store_order_detail
where business_date=to_date('2024-05-09')",,,修改数据模型，等数据调通；
销售额,"老板【总部】,区域经理【总部】,采购【总部】,营销【总部】",华南区昨天的销售额是多少？,,指标类,销售,销售额,2024-05-06,2024-05-06,,,,,,,,,,,,,,
销售额,"老板【总部】,区域经理【总部】,采购【总部】,营销【总部】",华南区4月的销售额为什么比上个月下降了？,,归因类,销售,,,,,,,,,,,,,,,,,
销售额,"老板【总部】,区域经理【总部】,采购【总部】,营销【总部】,店长【门店】,采购【门店】",西湖店昨天的销售额是多少？,,指标类,销售,销售额,2024-05-06,2024-05-06,,,门店:西湖店,,,,,,,,,,,
销售额,"老板【总部】,区域经理【总部】,采购【总部】,营销【总部】,店长【门店】,采购【门店】",西湖店3月的销售为什么比去年低？,,归因类,销售,销售额,2024-03,2023-03,,,门店:西湖店,,,,,,,,,,,
销售额,"老板【总部】,区域经理【总部】,采购【总部】,营销【总部】,店长【门店】,品类长【门店】,采购【门店】",西湖店母婴品类昨天的销售额是多少？,,指标类,销售,,,,,,,,,,,,,,,,,
销售额,"老板【总部】,区域经理【总部】,采购【总部】,营销【总部】,店长【门店】,品类长【门店】,采购【门店】",西湖店母婴品类3月的销售额为什么比去年增长了？,,归因类,销售,,,,,,,,,,,,,,,,,
销售额,"老板【总部】,采购【总部】,营销【总部】",上个月每个区域的销售额分别是多少？,"上个月各个区域卖了多少？
各区域上月的销售额咋样？
上月，各个区域销售额如何？
上个月各区域的销售额？
上个月各区的营业额是多少？
上月各区域的销售收入？
上个月每个区域的销售情况怎样？
上月各区销售怎样？
上月，各区域卖了多少？
前一个月，每个区收入？
上月，各区营业额？
上月，各区销售金额？
前一个月，各区销售？
上月，各区销售总额？
上月，各区销售收入？
前一个月，各区营业额？
上月，各区营业收入？
上月，各区卖了多少？
前一个月，各区销售总额？
上月，各区销售金额？
上月，各区营收？
前一个月，各区销售？
上月，各区销售总额？
上月，各区收入？
前一个月，各区销售收入？
上月，各区卖了多少？
上月，各区营业收入？
前一个月，各区销售？",分布类,销售,,,,,,,,,,,,,,,,,
销售额,"老板【总部】,采购【总部】,营销【总部】",3月每个区域的销售额分别是多少？,"2024年3月，各区卖了多少？
三月，各区营业收入？
三月各区域业绩？
3月各区域营收如何？
202403，各区业绩？
2024年3月，各区销售？
202403，各区销售总额？
3月，各区销售情况？
3月，各区销售收入？
2024年3月，各区营业收入？
三月，各区收入情况？
202403，各区卖了多少？
3月，各区销售总额？
2024年3月，各区销售情况？
三月，各区收入？
202403，各区销售收入？
3月，各区营业收入？
2024年3月，各区业绩？
三月，各区销售？
202403，各区收入情况？
3月，各区销售金额？
2024年3月，各区卖了多少？
202403，各区销售情况？
三月，各区营业收入？
3月，各区营业额？
2024年3月，各区销售？
三月，各区销售总额？
202403，各区收入？
3月，各区销售收入？",分布类,销售,,,,,,,,,,,,,,,,,
销售额,"老板【总部】,区域经理【总部】,采购【总部】,营销【总部】,店长【门店】,品类长【门店】,采购【门店】",3月份每天的销售额如何？,"3月日销售情况？
3月日收入怎样？
2024年3月的日销售？
三月日销售额？
202403日销售如何？
3月日销售总额？
3月日销售收入？
2024年3月日销额？
三月日营收情况？
3月日销售？
202403日收入？
3月日营业收入？
2024年3月日销售情况？
三月日销售金额？
3月日销售业绩？
202403日销售总额？
3月日卖了多少？
2024年3月日营业收入？
三月日销售收入？
3月日销售情况咋样？
202403日销售情况？
3月日销售收入如何？
2024年3月日销售？
三月日销额？
3月日营业收入？
202403日销售收入情况？
3月日销售情况？
2024年3月日销售收入？
三月日销售总额？
3月日销售情况？
202403日销售？
3月日销售？
2024年3月日销额？
三月日营收？
3月日销售金额？
202403日销售情况？",趋势类,销售,,,,,,,,,,,,,,,,,
销售额,"老板【总部】,区域经理【总部】,采购【总部】,营销【总部】,店长【门店】,品类长【门店】,采购【门店】",上个月每天的销售额如何？,"上月日营收？
上月每日卖了多少？
上月每日业绩？
上月日销售总额？
上月日销售情况？
上月日销售收入情况？
上月的日销售？
上月日销售业绩如何？
上月日销售总额多少？
上月日销售？
上月日销售金额？
上月日营业收入？
上月日销售业绩？
上月日销售收入？",趋势类,销售,,,,,,,,,,,,,,,,,
销售额,"老板【总部】,区域经理【总部】,采购【总部】,营销【总部】",华南区3月份每天的销售额如何？,,指标类,销售,,,,,,,,,,,,,,,,,
销售额,"老板【总部】,区域经理【总部】,采购【总部】,营销【总部】,店长【门店】,采购【门店】",西湖店3月份每天的销售额如何？,,指标类,销售,,,,,,,,,,,,,,,,,
销售额,"老板【总部】,区域经理【总部】,采购【总部】,营销【总部】,店长【门店】,品类长【门店】,采购【门店】",西湖店母婴品类3月份每天的销售额如何？,,指标类,销售,,,,,,,,,,,,,,,,,
销售额,"老板【总部】,区域经理【总部】,采购【总部】,营销【总部】",本季度到目前为止，西湖店和科技园店各自的销售额是多少？,"东湖和科技园店，本季销售多少？
西湖店，科技园店，季度销售？
东湖和科技园，季初至今营收？
西湖店销售总额，科技园店？
科技园店，西湖店，本季销售额。
本季东湖，科技园销售如何？
西湖店，科技园店，目前销售情况？
东湖与科技园，季度销售总额。
西湖店，科技园店，季初至现销售。
东湖和科技园，季度收入比较。
东湖分店，科技园分店，季销售额。
西湖店，科技园店，本季营收对比。
西湖店铺，科技园店铺，季初至今销售。
西湖店，科技园店，季销售总额。
东湖，科技园，本季销售对比。
东湖分店，科技园店铺，季销售。
西湖店，科技园店，季初至今营收。
西湖店铺，科技园店，季度销售。
东湖，科技园，季初至现营业额。
西湖店，科技园店，季度销售总额。
东湖分店，科技园店，季收入情况。
西湖店，科技园店铺，季初至现销售总额。
东湖，科技园，季度销售收入。
西湖店，科技园店，季销售业绩。
东湖分店，科技园店铺，季营收。
西湖店，科技园店，季销售情况。
西湖店铺，科技园店，季初至现营业额。
东湖和科技园，季度销售总额。
西湖店，科技园店，季销售收入。
东湖分店，科技园店铺，季销售总额。",指标类,销售,,,,,,,,,,,,,,,,,
销售额,"老板【总部】,采购【总部】,营销【总部】",去年，母婴品类的销售额是多少？,"上一年的母婴品类营收是多少？
前一年的母婴品类销售总额有多少？
去年母婴品类的销售收入怎样？
上一年度母婴品类的营业额如何？
去年的母婴品类销售业绩如何？
前一年度母婴品类销售金额是多少？
上一年母婴品类的销售情况怎样？
去年母婴品类卖了多少？
前一年母婴品类营业收入如何？
上一年度母婴品类销售收入情况怎样？
去年母婴品类销售总额多少？
母婴品类，去年的营收情况如何？
上一年母婴品类的销售收入是多少？
去年母婴品类的销售业绩怎样？
前一年母婴品类的营业额是多少？
上一年度母婴品类的销售金额如何？
去年母婴品类的销售总额如何？
母婴品类去年的销售情况怎样？
上一年母婴品类的销售额情况如何？
前一年母婴品类的销售总额情况怎样？
母婴品类，去年的销售收入情况如何？
上一年母婴品类的销售总额情况怎样？
去年母婴品类的销售收入情况怎样？
母婴品类，前一年的营收情况如何？
上一年母婴品类的销售情况如何？
母婴品类，去年卖了多少？
上一年，母婴销售怎样？
去年母婴，收入咋样？
母婴品类，上一年度营收多少？
母婴去年，销售业绩如何？
去年母婴，营业额啥样？
母婴品类，前一年销售总额？
去年的母婴，销售收入多少？
母婴品类，上一年度卖了多少？
上一年母婴，营业额啥情况？
母婴品类，去年销售金额多少？
去年母婴，营收咋样？
母婴去年，销售总额啥情况？
母婴品类，前一年收入如何？
去年母婴，销售业绩怎样？
母婴品类，上一年度销售情况？
上一年母婴，销售收入啥样？
母婴品类，去年营业收入？
去年的母婴，销售总额咋样？
母婴品类，前一年销售业绩如何？
母婴去年，营收情况？
上一年母婴，销售总额多少？
母婴品类，去年销售收入咋样？
去年母婴，营业额如何？
母婴品类，上一年度营收情况？",指标类,销售,,,,,,,,,,,,,,,,,
销售额,"老板【总部】,区域经理【总部】,采购【总部】,营销【总部】",去年，华南区母婴品类的销售额是多少？,,指标类,销售,,,,,,,,,,,,,,,,,
销售额,"老板【总部】,区域经理【总部】,采购【总部】,营销【总部】,店长【门店】,品类长【门店】,采购【门店】",去年，西湖店母婴品类的销售额是多少？,,指标类,销售,,,,,,,,,,,,,,,,,
销售额,"老板【总部】,采购【总部】,营销【总部】",今年到目前为止，销售额最高的5个商品是什么，它们各自的销售额是多少？,"2024年至今的销售额最高的三个SKU是多少？
销售额，今年迄今为止，三大产品有多少？
今年到目前为止，销售收入最高的SKU是哪些？
营业额，本年度至今，前三个商品是什么？
今年迄今为止的营业收入，三个最高销售的货品？
销售收入，今年，三个领先SKU分别是？
今年到目前为止，销售总额最高的产品有哪些？
2024年至今，销售额前三的商品各自的营业收入是多少？
营业收入，今年迄今为止，三个顶尖SKU？
销售收入，今年，三个最高营业额的商品？
今年到目前为止，三个最高销售收入的货品是什么？
本年度至今，营业额最高的三个SKU分别是？
销售额，今年迄今为止，三个最热产品？
今年到目前为止，销售总额最高的SKU各自的销售收入是多少？
2024年至今，营业收入最高的三个商品各自的销售额是多少？
今年迄今为止，销售收入最高的三个货品各自的营业额是多少？
本年度至今，销售额最高的三个产品各自的营业收入是多少？
今年到目前为止，三个最高营业额的SKU各自的销售总额是多少？
2024年至今，三个最高销售收入的商品各自的销售额是多少？
今年迄今为止，三个最高销售额的SKU各自的营业收入是多少？
营业额，今年到目前为止，三个最畅销的产品？
销售收入，本年度至今，三个最高销售额的SKU？
今年迄今为止，三个最高销售总额的商品各自的营业收入是多少？
2024年至今，三个最高销售收入的产品各自的销售额是多少？
今年到目前为止，三个最高销售总额的SKU各自的销售收入是多少？",排名类,销售,,,,,,,,,,,,,,,,,
销售额,"老板【总部】,采购【总部】,营销【总部】",今年到目前为止，母婴品类销售额最高的5个商品是什么，它们各自的销售额是多少？,,排名类,销售,,,,,,,,,,,,,,,,,
销售额,"老板【总部】,区域经理【总部】,采购【总部】,营销【总部】",今年到目前为止，华南区销售额最高的5个商品是什么，它们各自的销售额是多少？,,排名类,销售,,,,,,,,,,,,,,,,,
销售额,"老板【总部】,区域经理【总部】,采购【总部】,营销【总部】,店长【门店】,采购【门店】",今年到目前为止，西湖店销售额最高的5个商品是什么，它们各自的销售额是多少？,,排名类,销售,,,,,,,,,,,,,,,,,
销售额,"老板【总部】,区域经理【总部】,采购【总部】,营销【总部】,店长【门店】,品类长【门店】,采购【门店】",今年到目前为止，西湖店母婴品类销售额最高的5个商品是什么，它们各自的销售额是多少？,,排名类,销售,,,,,,,,,,,,,,,,,
销售额,"老板【总部】,营销【总部】",上周，线上渠道的总销售额是多少？,"上周的线上的总业绩是多少？
上个星期的线上渠道总营收是多少？
过去一周网店销售的总收入情况如何？
上一周互联网销售的总销售总额是多少？
上周的线上渠道销售收入有多少？
先前一周线上渠道的总销售金额是多少？
上星期的网店销售总营业收入怎样？
过去一周网络销售的总销售情况怎样？
上周的电子商务总销售收入如何？
上个星期线上渠道的总营业额是多少？
前一周的互联网销售总业绩如何？
上周网店销售的总销售金额是多少？
过去一周线上渠道的总营收情况怎样？
上个星期电子商务的总销售总额有多少？
先前一周网络销售的总收入情况如何？
上周互联网销售的总营业额是多少？
上周网店销售的总销售金额如何？
前一周线上渠道的总业绩怎样？
上周电子商务的总营业收入是多少？
上个星期网店销售的总销售总额如何？
过去一周互联网销售的总收入情况怎样？
上周网络销售的总销售收入情况如何？
上星期线上渠道的总业绩如何？
前一周电子商务的总营收情况怎样？
上周网店销售的总营业收入是多少？
上个星期线上渠道的总销售总额是多少？
过去一周互联网销售的总销售金额如何？
上周网络销售的总收入情况怎样？
上周电子商务的总销售收入有多少？
前一周网店销售的总营业额如何？
上周线上渠道的总销售金额是多少？
上个星期互联网销售的总业绩怎样？
过去一周网店销售的总营业收入如何？
上周电子商务的总销售总额是多少？
上一周线上渠道的总收入情况怎样？
前一周网络销售的总销售收入情况如何？
上周网店销售的总营业额是多少？
上个星期线上渠道的总销售金额如何？
过去一周互联网销售的总业绩怎样？
上周电子商务的总收入情况如何？
上个星期网店销售的总营业收入是多少？
前一周线上渠道的总销售总额怎样？
上周网络销售的总营收情况如何？
上个星期互联网销售的总销售总额有多少？
过去一周网店销售的总收入情况怎样？
上周电子商务的总销售收入情况如何？
上周线上渠道的总业绩如何？
前一周网络销售的总营业收入是多少？
上周网店销售的总销售金额怎样？
上个星期线上渠道的总营业额如何？",指标类,销售,,,,,,,,,,,,,,,,,
销售额,"老板【总部】,区域经理【总部】,营销【总部】",上周，华南区线上渠道的总销售额是多少？,,指标类,销售,,,,,,,,,,,,,,,,,
销售额,"老板【总部】,区域经理【总部】,营销【总部】,店长【门店】",上周，西湖店线上渠道的总销售额是多少？,,指标类,销售,,,,,,,,,,,,,,,,,
销售额,"老板【总部】,区域经理【总部】,营销【总部】,店长【门店】,品类长【门店】",上周，西湖店母婴品类线上渠道的总销售额是多少？,,指标类,销售,,,,,,,,,,,,,,,,,
工作日平均销售额,"老板【总部】,区域经理【总部】,营销【总部】,店长【门店】,品类长【门店】",在上个月，工作日的平均销售额是多少？,"上月工作日平均销售额
平均销售，上月平日
上月度，非假日收入
营收，上个月工作日
上月非周末平均
平均业绩，上个月份
上月平日，平均营收
先前一个月，工作日平均
平均销售金额，上月工作日
上月，工作日平均
工作日平均，上个月度
上月平日，平均
平均营收，上月
上月工作日，平均
上月度，平均销售
先前一个月，平日平均
平均营业额，上月
上月非假日，平均
上月工作日的平均
平均收入，上月平日
上月非周末，平均
上月份，工作日平均
上月工作日，平均
平均销售金额，上个月
上月平日的平均
营收，上月工作日
上月度的平均销售
平日平均，上月
上月非假日的平均营收
上月工作日，平均业绩
平均营收，上个月份
上月非周末的平均销售
上月平均，工作日
上月平日，平均销售
平均营业额，上月度
上月工作日，平均收入
上月非假日，平均业绩
上月度，平日平均营收
上月工作日的平均营业额
平均销售，上个月工作日
上月平日，平均营收
上月非周末，平均销售金额
上月份，工作日平均收入",指标类,销售,,,,,,,,,,,,,,,,,
计划销售额,"老板【总部】,区域经理【总部】",今年的总计划销售额是多少？,,指标类,销售,,,,,,,,,,,,,,,,,
计划销售额,"老板【总部】,区域经理【总部】,采购【总部】,营销【总部】,店长【门店】",这个月的计划销售额是多少？,,指标类,销售,,,,,,,,,,,,,,,,,
计划销售额,"老板【总部】,区域经理【总部】,采购【总部】,营销【总部】",这个月华南区的计划销售额是多少？,,指标类,销售,,,,,,,,,,,,,,,,,
计划销售额,"老板【总部】,区域经理【总部】,采购【总部】,营销【总部】,店长【门店】,品类长【门店】,采购【门店】",这个月母婴品类的计划销售额是多少？,,指标类,销售,,,,,,,,,,,,,,,,,
计划销售额,"老板【总部】,营销【总部】",这个月各个区域的计划销售额是多少？,,分布类,销售,,,,,,,,,,,,,,,,,
计划销售额,"老板【总部】,区域经理【总部】,采购【总部】,营销【总部】,店长【门店】,品类长【门店】,采购【门店】",这个月各个品类的计划销售额是多少？,,分布类,销售,,,,,,,,,,,,,,,,,
销售额达成率,"老板【总部】,营销【总部】",上个月销售额达成率,,指标类,销售,,,,,,,,,,,,,,,,,
销售额达成率,"老板【总部】,营销【总部】",上个月销售额达成率为什么同比降低了？,,归因类,销售,,,,,,,,,,,,,,,,,
销售额达成率,"老板【总部】,区域经理【总部】,营销【总部】",华南区上个月销售额达成率,,指标类,销售,,,,,,,,,,,,,,,,,
销售额达成率,"老板【总部】,区域经理【总部】,营销【总部】",华南区上个月销售额达成率为什么比前一个月低？,,归因类,销售,,,,,,,,,,,,,,,,,
销售额达成率,"老板【总部】,营销【总部】",母婴品类上个月销售额达成率,,指标类,销售,,,,,,,,,,,,,,,,,
销售额达成率,"老板【总部】,营销【总部】",为什么母婴品类上个月销售额达成率比前一个月低？,,归因类,销售,,,,,,,,,,,,,,,,,
销售额达成率,"老板【总部】,区域经理【总部】,营销【总部】,店长【门店】",西湖店上个月销售额达成率,,指标类,销售,,,,,,,,,,,,,,,,,
销售额达成率,"老板【总部】,区域经理【总部】,营销【总部】,店长【门店】",西湖店上个月销售额达成率为什么环比下滑了？,,归因类,销售,,,,,,,,,,,,,,,,,
销售额达成率,"老板【总部】,区域经理【总部】,营销【总部】,店长【门店】,品类长【门店】",西湖店母婴品类上个月销售额达成率,,指标类,销售,,,,,,,,,,,,,,,,,
销售额达成率环比,"老板【总部】,营销【总部】",与上个月相比，本月份的销售额达成率有何变化？,,指标类,销售,,,,,,,,,,,,,,,,,
销售额达成率环比,"老板【总部】,营销【总部】",与上个月相比，本月份的销售额达成率有何变化？为什么会有这种变化？,,归因类,销售,,,,,,,,,,,,,,,,,
销售额达成率环比,"老板【总部】,营销【总部】",与上个月相比，母婴品类本月份的销售额达成率有何变化？,,指标类,销售,,,,,,,,,,,,,,,,,
销售额达成率环比,"老板【总部】,营销【总部】",与上个月相比，母婴品类本月份的销售额达成率有何变化？为什么会有这种变化？,,归因类,销售,,,,,,,,,,,,,,,,,
销售额达成率环比,"老板【总部】,区域经理【总部】,营销【总部】",与上个月相比，华南区本月份的销售额达成率有何变化？,,指标类,销售,,,,,,,,,,,,,,,,,
销售额达成率环比,"老板【总部】,区域经理【总部】,营销【总部】",与上个月相比，华南区本月份的销售额达成率有何变化？为什么会有这种变化？,,归因类,销售,,,,,,,,,,,,,,,,,
销售额达成率环比,"老板【总部】,区域经理【总部】,店长【门店】,营销【总部】",与上个月相比，西湖店本月份的销售额达成率有何变化？,,指标类,销售,,,,,,,,,,,,,,,,,
销售额达成率环比,"老板【总部】,区域经理【总部】,营销【总部】",与上个月相比，华南区本月份的销售额达成率有何变化？为什么会有这种变化？,,归因类,销售,,,,,,,,,,,,,,,,,
销售额达成率环比,"老板【总部】,区域经理【总部】,店长【门店】,营销【总部】,品类长【门店】",与上个月相比，西湖店母婴品类本月份的销售额达成率有何变化？,,指标类,销售,,,,,,,,,,,,,,,,,
销售额达成率环比,"老板【总部】,区域经理【总部】,营销【总部】",与上个月相比，华南区本月份的销售额达成率有何变化？为什么？,,归因类,销售,,,,,,,,,,,,,,,,,
销售额达成率,"老板【总部】,营销【总部】",上个月，哪些区域的销售额达成率表现最佳？,,分布类,销售,,,,,,,,,,,,,,,,,
销售额达成率,"老板【总部】,营销【总部】,采购【总部】",今年至今，哪些门店的销售额达成率最差？,,排名类,销售,,,,,,,,,,,,,,,,,
销售额达成率,"老板【总部】,区域经理【总部】,营销【总部】,采购【总部】",今年至今，华南区哪些门店的销售额达成率最差？,,排名类,销售,,,,,,,,,,,,,,,,,
门店销售达成率排名,"老板【总部】,店长【门店】",上个月，在所有门店中，深圳店的销售额达成率排第几名？,,指标类,销售,,,,,,,,,,,,,,,,,
门店销售达成率排名,"老板【总部】,区域经理【总部】,店长【门店】",上个月，在华南区所有门店中，深圳店的销售额达成率排第几名？,,指标类,销售,,,,,,,,,,,,,,,,,
销售额达成率,"老板【总部】,营销【总部】",上个月，哪个品类的销售额达成率最高？,,指标类,销售,,,,,,,,,,,,,,,,,
销售额达成率,"老板【总部】,区域经理【总部】,营销【总部】",上个月，华南区哪个品类的销售额达成率最高？,,指标类,销售,,,,,,,,,,,,,,,,,
销售额达成率,"老板【总部】,区域经理【总部】,营销【总部】,店长【门店】,品类长【门店】",上个月，西湖店哪个品类的销售额达成率最高？,,指标类,销售,,,,,,,,,,,,,,,,,
销售额达成率,"老板【总部】,营销【总部】",去年全年，销售额达成率呈现什么趋势？,,趋势类,销售,,,,,,,,,,,,,,,,,
销售额达成率,"老板【总部】,区域经理【总部】,营销【总部】",去年全年，华南区销售额达成率呈现什么趋势？,,趋势类,销售,,,,,,,,,,,,,,,,,
销售额达成率,"老板【总部】,区域经理【总部】,营销【总部】,店长【门店】",去年全年，西湖店销售额达成率呈现什么趋势？,,趋势类,销售,,,,,,,,,,,,,,,,,
销售额达成率,"老板【总部】,营销【总部】",去年全年，母婴品类销售额达成率呈现什么趋势？,,趋势类,销售,,,,,,,,,,,,,,,,,
销售额达成率,"老板【总部】,区域经理【总部】,营销【总部】,店长【门店】,品类长【门店】",去年全年，西湖店母婴品类的销售额达成率呈现什么趋势？,,趋势类,销售,,,,,,,,,,,,,,,,,
销售额达成率同比,"老板【总部】,营销【总部】",今年到目前为止，与去年同期相比，销售额达成率有什么变化？,,指标类,销售,,,,,,,,,,,,,,,,,
销售额达成率同比,"老板【总部】,区域经理【总部】,营销【总部】,店长【门店】,品类长【门店】",今年到目前为止，与去年同期相比销售额达成率有什么变化？为什么？,,归因类,销售,,,,,,,,,,,,,,,,,
销售额达成率同比,"老板【总部】,区域经理【总部】,营销【总部】",今年到目前为止，与去年同期相比，华南区的销售额达成率有什么变化？,,指标类,销售,,,,,,,,,,,,,,,,,
销售额达成率同比,"老板【总部】,区域经理【总部】,营销【总部】",今年到目前为止，与去年同期相比，华南区的销售额达成率有什么变化？为什么？,,归因类,销售,,,,,,,,,,,,,,,,,
销售额达成率同比,"老板【总部】,区域经理【总部】,营销【总部】,店长【门店】,品类长【门店】",今年到目前为止，与去年同期相比，东湖店的销售额达成率有什么变化？,,指标类,销售,,,,,,,,,,,,,,,,,
销售额达成率同比,"老板【总部】,区域经理【总部】,营销【总部】,店长【门店】,品类长【门店】",今年到目前为止，与去年同期相比，东湖店的销售额达成率有什么变化？为什么？,,归因类,销售,,,,,,,,,,,,,,,,,
销售同比,"老板【总部】,采购【总部】,营销【总部】",昨天的销售额同比,,指标类,销售,,,,,,,,,,,,,,,,,
销售同比,"老板【总部】,区域经理【总部】,采购【总部】,营销【总部】",华南区昨天的销售额同比,,指标类,销售,,,,,,,,,,,,,,,,,
销售同比,"老板【总部】,采购【总部】,营销【总部】",母婴品类昨天的销售额同比,,指标类,销售,,,,,,,,,,,,,,,,,
销售同比,"老板【总部】,区域经理【总部】,采购【总部】,营销【总部】",华南区母婴品类昨天的销售额同比,,指标类,销售,,,,,,,,,,,,,,,,,
销售同比,"老板【总部】,区域经理【总部】,采购【总部】,营销【总部】,店长【门店】,采购【门店】",西湖店昨天的销售额同比,,指标类,销售,,,,,,,,,,,,,,,,,
销售同比,"老板【总部】,采购【总部】,营销【总部】",上周的销售额同比,,指标类,销售,,,,,,,,,,,,,,,,,
销售同比,"老板【总部】,区域经理【总部】,采购【总部】,营销【总部】",华南区上周的销售额同比,,指标类,销售,,,,,,,,,,,,,,,,,
销售同比,"老板【总部】,采购【总部】,营销【总部】",母婴品类上周的销售额同比,,指标类,销售,,,,,,,,,,,,,,,,,
销售同比,"老板【总部】,区域经理【总部】,采购【总部】,营销【总部】",华南区母婴品类上周的销售额同比,,指标类,销售,,,,,,,,,,,,,,,,,
销售同比,"老板【总部】,区域经理【总部】,采购【总部】,营销【总部】,店长【门店】,采购【门店】",西湖店上周的销售额同比,,指标类,销售,,,,,,,,,,,,,,,,,
销售同比,"老板【总部】,采购【总部】,营销【总部】",今年3月份的销售额同比增长,,指标类,销售,,,,,,,,,,,,,,,,,
销售同比,"老板【总部】,区域经理【总部】,采购【总部】,营销【总部】",华南区今年3月份的销售额同比增长,,指标类,销售,,,,,,,,,,,,,,,,,
销售同比,"老板【总部】,采购【总部】,营销【总部】",母婴品类今年3月份的销售额同比增长,,指标类,销售,,,,,,,,,,,,,,,,,
销售同比,"老板【总部】,区域经理【总部】,采购【总部】,营销【总部】,店长【门店】,品类长【门店】,采购【门店】",西湖店母婴品类今年3月份的销售额同比增长,,指标类,销售,,,,,,,,,,,,,,,,,
销售同比,"老板【总部】,区域经理【总部】,采购【总部】,营销【总部】,店长【门店】,采购【门店】",西湖店今年3月份的销售额同比增长,,指标类,销售,,,,,,,,,,,,,,,,,
销售同比,"老板【总部】,营销【总部】",上个月各区域的销售额同比增长率,,排名类,销售,,,,,,,,,,,,,,,,,
销售同比,"老板【总部】,区域经理【总部】,采购【总部】,营销【总部】,店长【门店】",今年到目前为止，西湖店的销售额同比增长了多少？,,指标类,销售,,,,,,,,,,,,,,,,,
销售同比,"老板【总部】,采购【总部】,营销【总部】",上个月母婴品类的销售额同比增长了多少？,,指标类,销售,,,,,,,,,,,,,,,,,
销售同比,"老板【总部】,区域经理【总部】,采购【总部】,营销【总部】",华南区上个月母婴品类的销售额同比增长了多少？,,指标类,销售,,,,,,,,,,,,,,,,,
销售同比,"老板【总部】,区域经理【总部】,采购【总部】,营销【总部】,店长【门店】,品类长【门店】,采购【门店】",西湖店上个月母婴品类的销售额同比增长了多少？,,指标类,销售,,,,,,,,,,,,,,,,,
销售同比,"老板【总部】,采购【总部】,营销【总部】",上周金枕榴莲销售额同比增长了多少？,,指标类,销售,,,,,,,,,,,,,,,,,
销售同比,"老板【总部】,区域经理【总部】,采购【总部】,营销【总部】",上周华南区金枕榴莲销售额同比增长了多少？,,指标类,销售,,,,,,,,,,,,,,,,,
销售同比,"老板【总部】,区域经理【总部】,采购【总部】,营销【总部】,店长【门店】,品类长【门店】,采购【门店】",上周西湖店金枕榴莲销售额同比增长了多少？,,指标类,销售,,,,,,,,,,,,,,,,,
销售同比,"老板【总部】,营销【总部】",上个月线上渠道的销售额同比,,指标类,销售,,,,,,,,,,,,,,,,,
销售同比,"老板【总部】,营销【总部】",上个月母婴品类线上渠道的销售额同比,,指标类,销售,,,,,,,,,,,,,,,,,
销售同比,"老板【总部】,区域经理【总部】,营销【总部】",上个月华南区线上渠道的销售额同比,,指标类,销售,,,,,,,,,,,,,,,,,
销售同比,"老板【总部】,区域经理【总部】,营销【总部】,店长【门店】",上个月西湖店线上渠道的销售额同比,,指标类,销售,,,,,,,,,,,,,,,,,
销售同比,"老板【总部】,区域经理【总部】,营销【总部】,店长【门店】,品类长【门店】",上个月西湖店母婴品类线上渠道的销售额同比,,指标类,销售,,,,,,,,,,,,,,,,,
销售环比,"老板【总部】,采购【总部】,营销【总部】",昨天的销售额环比,,指标类,销售,,,,,,,,,,,,,,,,,
销售环比,"老板【总部】,区域经理【总部】,采购【总部】,营销【总部】",华南区昨天的销售额环比,,指标类,销售,,,,,,,,,,,,,,,,,
销售环比,"老板【总部】,采购【总部】,营销【总部】",母婴品类昨天的销售额环比,,指标类,销售,,,,,,,,,,,,,,,,,
销售环比,"老板【总部】,区域经理【总部】,采购【总部】,营销【总部】",华南区母婴品类昨天的销售额环比,,指标类,销售,,,,,,,,,,,,,,,,,
销售环比,"老板【总部】,区域经理【总部】,采购【总部】,营销【总部】,店长【门店】,采购【门店】",西湖店昨天的销售额环比,,指标类,销售,,,,,,,,,,,,,,,,,
销售环比,"老板【总部】,采购【总部】,营销【总部】",上周的销售额环比,,指标类,销售,,,,,,,,,,,,,,,,,
销售环比,"老板【总部】,区域经理【总部】,采购【总部】,营销【总部】",华南区上周的销售额环比,,指标类,销售,,,,,,,,,,,,,,,,,
销售环比,"老板【总部】,采购【总部】,营销【总部】",母婴品类上周的销售额环比,,指标类,销售,,,,,,,,,,,,,,,,,
销售环比,"老板【总部】,区域经理【总部】,采购【总部】,营销【总部】",华南区母婴品类上周的销售额环比,,指标类,销售,,,,,,,,,,,,,,,,,
销售环比,"老板【总部】,区域经理【总部】,采购【总部】,营销【总部】,店长【门店】,采购【门店】",西湖店上周的销售额环比,,指标类,销售,,,,,,,,,,,,,,,,,
销售环比,"老板【总部】,采购【总部】,营销【总部】",今年3月份的销售额环比增长,,指标类,销售,,,,,,,,,,,,,,,,,
销售环比,"老板【总部】,区域经理【总部】,采购【总部】,营销【总部】",华南区今年3月份的销售额环比增长,,指标类,销售,,,,,,,,,,,,,,,,,
销售环比,"老板【总部】,采购【总部】,营销【总部】",母婴品类今年3月份的销售额环比增长,,指标类,销售,,,,,,,,,,,,,,,,,
销售环比,"老板【总部】,区域经理【总部】,采购【总部】,营销【总部】,店长【门店】,品类长【门店】,采购【门店】",西湖店母婴品类今年3月份的销售额环比增长,,指标类,销售,,,,,,,,,,,,,,,,,
销售环比,"老板【总部】,区域经理【总部】,采购【总部】,营销【总部】,店长【门店】,采购【门店】",西湖店今年3月份的销售额环比增长,,指标类,销售,,,,,,,,,,,,,,,,,
销售环比,老板【总部】,上个月各区域的销售额环比增长率,,排名类,销售,,,,,,,,,,,,,,,,,
销售环比,"老板【总部】,采购【总部】,营销【总部】",上个月母婴品类的销售额环比增长了多少？,,指标类,销售,,,,,,,,,,,,,,,,,
销售环比,"老板【总部】,区域经理【总部】,采购【总部】,营销【总部】",华南区上个月母婴品类的销售额环比增长了多少？,,指标类,销售,,,,,,,,,,,,,,,,,
销售环比,"老板【总部】,区域经理【总部】,采购【总部】,营销【总部】,店长【门店】,品类长【门店】,采购【门店】",西湖店上个月母婴品类的销售额环比增长了多少？,,指标类,销售,,,,,,,,,,,,,,,,,
销售环比,"老板【总部】,采购【总部】,营销【总部】",上周金枕榴莲销售额环比增长了多少？,,指标类,销售,,,,,,,,,,,,,,,,,
销售环比,"老板【总部】,区域经理【总部】,采购【总部】,营销【总部】",上周华南区金枕榴莲销售额环比增长了多少？,,指标类,销售,,,,,,,,,,,,,,,,,
销售环比,"老板【总部】,区域经理【总部】,采购【总部】,营销【总部】,店长【门店】,品类长【门店】,采购【门店】",上周西湖店金枕榴莲销售额环比增长了多少？,,指标类,销售,,,,,,,,,,,,,,,,,
销售环比,"老板【总部】,营销【总部】",上个月线上渠道的销售额环比,,指标类,销售,,,,,,,,,,,,,,,,,
销售环比,"老板【总部】,营销【总部】",上个月母婴品类线上渠道的销售额环比,,指标类,销售,,,,,,,,,,,,,,,,,
销售环比,"老板【总部】,区域经理【总部】,营销【总部】",上个月华南区线上渠道的销售额环比,,指标类,销售,,,,,,,,,,,,,,,,,
销售环比,"老板【总部】,区域经理【总部】,营销【总部】,店长【门店】",上个月西湖店线上渠道的销售额环比,,指标类,销售,,,,,,,,,,,,,,,,,
销售环比,"老板【总部】,区域经理【总部】,营销【总部】,店长【门店】,品类长【门店】",上个月西湖店母婴品类线上渠道的销售额环比,,指标类,销售,,,,,,,,,,,,,,,,,
销售贡献,"老板【总部】,采购【总部】,营销【总部】",上个月在所有品类中，哪个品类的销售额贡献最大？,,指标类,销售,,,,,,,,,,,,,,,,,
销售贡献,"老板【总部】,区域经理【总部】,采购【总部】,营销【总部】",上个月华南区所有品类中，哪个品类的销售额贡献最大？,,指标类,销售,,,,,,,,,,,,,,,,,
销售贡献,"老板【总部】,区域经理【总部】,采购【总部】,营销【总部】,店长【门店】,采购【门店】",上个月西湖店所有品类中，哪个品类的销售额贡献最大？,,指标类,销售,,,,,,,,,,,,,,,,,
销售贡献,"老板【总部】,区域经理【总部】,采购【总部】,营销【总部】,店长【门店】,品类长【门店】,采购【门店】",上个月西湖店的生鲜品类中，哪个品类的销售额贡献最大？,,指标类,销售,,,,,,,,,,,,,,,,,
销售贡献,"老板【总部】,采购【总部】,营销【总部】",去年，哪些品类对总销售额的贡献最大？,,分布类,销售,,,,,,,,,,,,,,,,,
销售贡献,"老板【总部】,区域经理【总部】,采购【总部】,营销【总部】",华南区去年，哪些品类对总销售额的贡献最大？,,分布类,销售,,,,,,,,,,,,,,,,,
销售贡献,"老板【总部】,区域经理【总部】,采购【总部】,营销【总部】,店长【门店】,采购【门店】",西湖店去年，哪些品类对总销售额的贡献最大？,,分布类,销售,,,,,,,,,,,,,,,,,
销售贡献,"老板【总部】,采购【总部】,营销【总部】",上个月，哪些门店的销售贡献最高？,,分布类,销售,,,,,,,,,,,,,,,,,
销售贡献,"老板【总部】,区域经理【总部】,采购【总部】,营销【总部】",上个月，华南区哪些门店的销售贡献最高？,,分布类,销售,,,,,,,,,,,,,,,,,
销售贡献,"老板【总部】,采购【总部】,营销【总部】",上周，线上和线下渠道对销售的贡献分别是多少？,,分布类,销售,,,,,,,,,,,,,,,,,
销售贡献,"老板【总部】,区域经理【总部】,采购【总部】,营销【总部】",上周，华南区线上和线下渠道对销售的贡献分别是多少？,,分布类,销售,,,,,,,,,,,,,,,,,
销售贡献,"老板【总部】,区域经理【总部】,采购【总部】,营销【总部】,店长【门店】",上周，西湖店线上和线下渠道对销售的贡献分别是多少？,,分布类,销售,,,,,,,,,,,,,,,,,
销售贡献,"老板【总部】,区域经理【总部】,采购【总部】,营销【总部】,店长【门店】,品类长【门店】,采购【门店】",上周，西湖店母婴品类线上和线下渠道对销售的贡献分别是多少？,,分布类,销售,,,,,,,,,,,,,,,,,
销售贡献,"老板【总部】,采购【总部】,营销【总部】",上个月，不同区域对整体销售额的贡献如何？,,分布类,销售,,,,,,,,,,,,,,,,,
销售贡献,"老板【总部】,采购【总部】,营销【总部】",上个月，对整体销售额贡献最高的10个商品是哪些？,,分布类,销售,,,,,,,,,,,,,,,,,
销售贡献,"老板【总部】,区域经理【总部】,采购【总部】,营销【总部】",上个月，对华南区销售额贡献最高的10个商品是哪些？,,分布类,销售,,,,,,,,,,,,,,,,,
销售贡献,"老板【总部】,区域经理【总部】,采购【总部】,营销【总部】,店长【门店】,采购【门店】",上个月，对西湖店销售额贡献最高的10个商品是哪些？,,分布类,销售,,,,,,,,,,,,,,,,,
销售贡献,"老板【总部】,区域经理【总部】,采购【总部】,营销【总部】,店长【门店】,品类长【门店】,采购【门店】",上个月，对西湖店母婴品类销售额贡献最高的10个商品是哪些？,,分布类,销售,,,,,,,,,,,,,,,,,
销售贡献,"老板【总部】,区域经理【总部】,采购【总部】,营销【总部】",上个月，对华南区母婴品类销售额贡献最高的10个商品是哪些？,,分布类,销售,,,,,,,,,,,,,,,,,
销售贡献,"老板【总部】,采购【总部】,营销【总部】",上个月，母婴品类的销售占比有何变化？,,指标类,销售,,,,,,,,,,,,,,,,,
销售贡献,"老板【总部】,区域经理【总部】,采购【总部】,营销【总部】",上个月，华南区母婴品类的销售占比有何变化？,,指标类,销售,,,,,,,,,,,,,,,,,
销售贡献,"老板【总部】,区域经理【总部】,采购【总部】,营销【总部】,店长【门店】,品类长【门店】,采购【门店】",上个月，西湖店母婴品类的销售占比有何变化？,,指标类,销售,,,,,,,,,,,,,,,,,
销量,"老板【总部】,采购【总部】,营销【总部】",昨天金枕榴莲的销量是多少？,,指标类,销售,,,,,,,,,,,,,,,,,
销量,"老板【总部】,区域经理【总部】,采购【总部】,营销【总部】",昨天华南区金枕榴莲的销量是多少？,,指标类,销售,,,,,,,,,,,,,,,,,
销量,"老板【总部】,区域经理【总部】,采购【总部】,营销【总部】,店长【门店】,品类长【门店】,采购【门店】",昨天西湖店金枕榴莲的销量是多少？,,指标类,销售,,,,,,,,,,,,,,,,,
销量,"老板【总部】,采购【总部】,营销【总部】",昨天麒麟瓜卖了多少斤？,,指标类,销售,,,,,,,,,,,,,,,,,
销量,"老板【总部】,采购【总部】,营销【总部】",昨天各区域的麒麟瓜卖了多少斤？,,分布类,销售,,,,,,,,,,,,,,,,,
销量,"老板【总部】,区域经理【总部】,采购【总部】,营销【总部】",昨天华南区麒麟瓜卖了多少斤？,,指标类,销售,,,,,,,,,,,,,,,,,
销量,"老板【总部】,区域经理【总部】,采购【总部】,营销【总部】,店长【门店】,品类长【门店】,采购【门店】",昨天西湖店麒麟瓜卖了多少斤？,,指标类,销售,,,,,,,,,,,,,,,,,
销量,"老板【总部】,采购【总部】,营销【总部】",上个月牛奶草莓卖了多少斤？,,指标类,销售,,,,,,,,,,,,,,,,,
销量,"老板【总部】,区域经理【总部】,采购【总部】,营销【总部】",上个月华南区牛奶草莓卖了多少斤？,,指标类,销售,,,,,,,,,,,,,,,,,
销量,"老板【总部】,区域经理【总部】,采购【总部】,营销【总部】,店长【门店】,品类长【门店】,采购【门店】",上个月西湖店牛奶草莓卖了多少斤？,,指标类,销售,,,,,,,,,,,,,,,,,
销量,"老板【总部】,采购【总部】,营销【总部】",今年飞天茅台的销量是多少？,,指标类,销售,,,,,,,,,,,,,,,,,
销量,"老板【总部】,区域经理【总部】,采购【总部】,营销【总部】",今年华南区飞天茅台的销量是多少？,,指标类,销售,,,,,,,,,,,,,,,,,
销量,"老板【总部】,区域经理【总部】,采购【总部】,营销【总部】,店长【门店】,品类长【门店】,采购【门店】",今年西湖店飞天茅台的销量是多少？,,指标类,销售,,,,,,,,,,,,,,,,,
销量,"老板【总部】,采购【总部】,营销【总部】",今年美心月饼一共卖了多少盒？,,指标类,销售,,,,,,,,,,,,,,,,,
销量,"老板【总部】,区域经理【总部】,采购【总部】,营销【总部】",今年华南区美心月饼一共卖了多少盒？,,指标类,销售,,,,,,,,,,,,,,,,,
销量,"老板【总部】,区域经理【总部】,采购【总部】,营销【总部】,店长【门店】,品类长【门店】,采购【门店】",今年西湖店美心月饼一共卖了多少盒？,,指标类,销售,,,,,,,,,,,,,,,,,
销量,"老板【总部】,采购【总部】,营销【总部】",上周芙蓉王卖了多少包？,,指标类,销售,,,,,,,,,,,,,,,,,
销量,"老板【总部】,区域经理【总部】,采购【总部】,营销【总部】",上周华南区芙蓉王卖了多少包？,,指标类,销售,,,,,,,,,,,,,,,,,
销量,"老板【总部】,区域经理【总部】,采购【总部】,营销【总部】,店长【门店】,品类长【门店】,采购【门店】",上周西湖店芙蓉王卖了多少包？,,指标类,销售,,,,,,,,,,,,,,,,,
销量,"老板【总部】,采购【总部】,营销【总部】",本月基围虾卖了多少斤？,,指标类,销售,,,,,,,,,,,,,,,,,
销量,"老板【总部】,区域经理【总部】,采购【总部】,营销【总部】",本月华南区基围虾卖了多少斤？,,指标类,销售,,,,,,,,,,,,,,,,,
销量,"老板【总部】,区域经理【总部】,采购【总部】,营销【总部】,店长【门店】,品类长【门店】,采购【门店】",本月西湖店基围虾卖了多少斤？,,指标类,销售,,,,,,,,,,,,,,,,,
销量,"老板【总部】,采购【总部】,营销【总部】",本月金枕榴莲的销售趋势如何？,,趋势类,销售,,,,,,,,,,,,,,,,,
销量,"老板【总部】,区域经理【总部】,采购【总部】,营销【总部】",本月华南区金枕榴莲的销售趋势如何？,,趋势类,销售,,,,,,,,,,,,,,,,,
销量,"老板【总部】,区域经理【总部】,采购【总部】,营销【总部】,店长【门店】,品类长【门店】,采购【门店】",本月西湖店金枕榴莲的销售趋势如何？,,趋势类,销售,,,,,,,,,,,,,,,,,
销量,"老板【总部】,采购【总部】,营销【总部】",近7天麒麟瓜的销售趋势怎样？,,趋势类,销售,,,,,,,,,,,,,,,,,
销量,"老板【总部】,区域经理【总部】,采购【总部】,营销【总部】",近7天华南区麒麟瓜的销售趋势怎样？,,趋势类,销售,,,,,,,,,,,,,,,,,
销量,"老板【总部】,区域经理【总部】,采购【总部】,营销【总部】,店长【门店】,品类长【门店】,采购【门店】",近7天西湖店麒麟瓜的销售趋势怎样？,,趋势类,销售,,,,,,,,,,,,,,,,,
销量,"老板【总部】,采购【总部】,营销【总部】",上个月西瓜类销售最高的商品是哪些？,,分布类,销售,,,,,,,,,,,,,,,,,
销量,"老板【总部】,区域经理【总部】,采购【总部】,营销【总部】",上个月华南区西瓜类销售最高的商品是哪些？,,分布类,销售,,,,,,,,,,,,,,,,,
销量,"老板【总部】,区域经理【总部】,采购【总部】,营销【总部】,店长【门店】,品类长【门店】,采购【门店】",上个月西湖店西瓜类销售最高的商品是哪些？,,分布类,销售,,,,,,,,,,,,,,,,,
客单数,"老板【总部】,营销【总部】",昨天的客单数是多少？,,指标类,销售,,,,,,,,,,,,,,,,,
客单数,"老板【总部】,营销【总部】",为什么3月的客单数比2月低？,,归因类,销售,,,,,,,,,,,,,,,,,
客单数,"老板【总部】,区域经理【总部】,营销【总部】",今天华南区的客单数是多少？,,指标类,销售,,,,,,,,,,,,,,,,,
客单数,"老板【总部】,区域经理【总部】,营销【总部】",为什么上个月华南区的客单数同比下滑了？,,归因类,销售,,,,,,,,,,,,,,,,,
客单数,"老板【总部】,区域经理【总部】,营销【总部】,店长【门店】",今天西湖店的客单数是多少？,,指标类,销售,,,,,,,,,,,,,,,,,
客单数同比,"老板【总部】,营销【总部】",本周与上周相比，客单数有何变化？,,指标类,销售,,,,,,,,,,,,,,,,,
客单数同比,"老板【总部】,区域经理【总部】,营销【总部】",本周与上周相比，华南区客单数有何变化？,,指标类,销售,,,,,,,,,,,,,,,,,
客单数同比,"老板【总部】,区域经理【总部】,营销【总部】,店长【门店】",本周与上周相比，西湖店客单数有何变化？,,指标类,销售,,,,,,,,,,,,,,,,,
客单数,"老板【总部】,营销【总部】",本月的客单数是多少？,,指标类,销售,,,,,,,,,,,,,,,,,
客单数,"老板【总部】,区域经理【总部】,营销【总部】",本月华南区的客单数是多少？,,指标类,销售,,,,,,,,,,,,,,,,,
客单数,"老板【总部】,区域经理【总部】,营销【总部】,店长【门店】",本月西湖店的客单数是多少？,,指标类,销售,,,,,,,,,,,,,,,,,
客单数同比,"老板【总部】,营销【总部】",上个月，哪些区域的客单数同比增长最快？,,排名类,销售,,,,,,,,,,,,,,,,,
客单数,"老板【总部】,区域经理【总部】,营销【总部】,店长【门店】",昨天西湖店的客单数是多少？,,指标类,销售,,,,,,,,,,,,,,,,,
客单数,"老板【总部】,营销【总部】",上个月，线上和线下渠道的客单数分别是多少？,,分布类,销售,,,,,,,,,,,,,,,,,
客单数,"老板【总部】,区域经理【总部】,营销【总部】",上个月，华南区线上和线下渠道的客单数分别是多少？,,分布类,销售,,,,,,,,,,,,,,,,,
客单数,"老板【总部】,区域经理【总部】,营销【总部】,店长【门店】",上个月，西湖店线上和线下渠道的客单数分别是多少？,,分布类,销售,,,,,,,,,,,,,,,,,
客单数,"老板【总部】,营销【总部】",去年全年，客单数的月增长趋势如何？,,趋势类,销售,,,,,,,,,,,,,,,,,
客单数,"老板【总部】,区域经理【总部】,营销【总部】",去年全年，华南区客单数的月增长趋势如何？,,趋势类,销售,,,,,,,,,,,,,,,,,
客单数,"老板【总部】,区域经理【总部】,营销【总部】,店长【门店】",去年全年，西湖店客单数的月增长趋势如何？,,趋势类,销售,,,,,,,,,,,,,,,,,
客单价,"老板【总部】,营销【总部】",昨天的客单价是多少？,,指标类,销售,,,,,,,,,,,,,,,,,
客单价,"老板【总部】,营销【总部】",为什么4月的客单价比3月下降了？,,归因类,销售,,,,,,,,,,,,,,,,,
客单价,"老板【总部】,区域经理【总部】,营销【总部】",华南区昨天的客单价是多少？,,指标类,销售,,,,,,,,,,,,,,,,,
客单价,"老板【总部】,区域经理【总部】,营销【总部】",华南区4月的客单价比3月增长的影响因素是什么？,,归因类,销售,,,,,,,,,,,,,,,,,
客单价,"老板【总部】,区域经理【总部】,营销【总部】,店长【门店】",西湖店昨天的客单价是多少？,,指标类,销售,,,,,,,,,,,,,,,,,
客单价,"老板【总部】,营销【总部】",本周与上周相比，客单价有何变化？,,指标类,销售,,,,,,,,,,,,,,,,,
客单价,"老板【总部】,区域经理【总部】,营销【总部】",华南区，本周与上周相比，客单价有何变化？,,指标类,销售,,,,,,,,,,,,,,,,,
客单价,"老板【总部】,区域经理【总部】,营销【总部】,店长【门店】",西湖店，本周与上周相比，客单价有何变化？,,指标类,销售,,,,,,,,,,,,,,,,,
客单价,"老板【总部】,营销【总部】",本月的客单价是多少？,,指标类,销售,,,,,,,,,,,,,,,,,
客单价,"老板【总部】,区域经理【总部】,营销【总部】",华南区本月的客单价是多少？,,指标类,销售,,,,,,,,,,,,,,,,,
客单价,"老板【总部】,区域经理【总部】,营销【总部】,店长【门店】",西湖店本月的客单价是多少？,,指标类,销售,,,,,,,,,,,,,,,,,
客单价,"老板【总部】,营销【总部】",上个月，哪些区域的客单价增长最快？,,排名类,销售,,,,,,,,,,,,,,,,,
客单价,"老板【总部】,区域经理【总部】,营销【总部】,店长【门店】",昨天西湖店的客单价是多少？,,指标类,销售,,,,,,,,,,,,,,,,,
客单价,"老板【总部】,营销【总部】",上个月，线上和线下渠道的客单价分别是多少？,,排名类,销售,,,,,,,,,,,,,,,,,
客单价,"老板【总部】,区域经理【总部】,营销【总部】",华南区上个月，线上和线下渠道的客单价分别是多少？,,排名类,销售,,,,,,,,,,,,,,,,,
客单价,"老板【总部】,区域经理【总部】,营销【总部】,店长【门店】",西湖店上个月，线上和线下渠道的客单价分别是多少？,,排名类,销售,,,,,,,,,,,,,,,,,
客单价,"老板【总部】,营销【总部】",去年全年，客单价的月增长趋势如何？,,趋势类,销售,,,,,,,,,,,,,,,,,
客单价,"老板【总部】,区域经理【总部】,营销【总部】",去年全年，华南区客单价的月增长趋势如何？,,趋势类,销售,,,,,,,,,,,,,,,,,
客单价,"老板【总部】,区域经理【总部】,营销【总部】,店长【门店】",去年全年，西湖店客单价的月增长趋势如何？,,趋势类,销售,,,,,,,,,,,,,,,,,
销售成本额,采购【总部】,昨天的销售成本额是多少？,,指标类,成本,,,,,,,,,,,,,,,,,
销售成本额,采购【总部】,华南区昨天的销售成本额是多少？,,指标类,成本,,,,,,,,,,,,,,,,,
销售成本额,"采购【总部】,采购【门店】",西湖店昨天的销售成本额是多少？,,指标类,成本,,,,,,,,,,,,,,,,,
销售成本额,采购【总部】,上个月每个区域的销售成本额分别是多少？,,分布类,成本,,,,,,,,,,,,,,,,,
销售成本额,采购【总部】,3月份每天的销售成本额如何？,,趋势类,成本,,,,,,,,,,,,,,,,,
销售成本额,采购【总部】,华南区3月份每天的销售成本额如何？,,趋势类,成本,,,,,,,,,,,,,,,,,
销售成本额,"采购【总部】,采购【门店】",西湖店3月份每天的销售成本额如何？,,趋势类,成本,,,,,,,,,,,,,,,,,
销售成本额,"采购【总部】,采购【门店】",本季度到目前为止，西湖店和科技园店各自的销售成本额是多少？,,指标类,成本,,,,,,,,,,,,,,,,,
销售成本额,采购【总部】,去年，母婴品类的销售成本额是多少？,,指标类,成本,,,,,,,,,,,,,,,,,
销售成本额,采购【总部】,去年，华南区母婴品类的销售成本额是多少？,,指标类,成本,,,,,,,,,,,,,,,,,
销售成本额,"采购【总部】,采购【门店】",去年，西湖店母婴品类的销售成本额是多少？,,指标类,成本,,,,,,,,,,,,,,,,,
销售成本额,"采购【总部】,采购【门店】",上周，线上渠道的总销售成本额是多少？,,指标类,成本,,,,,,,,,,,,,,,,,
毛利额,"老板【总部】,采购【总部】,营销【总部】",本月的毛利额是多少？,"本月的毛利额有多少？
这个月的毛利是多少？
毛利额，这个月的？
这个月，毛利怎样？
毛利额，本月的？
本月毛利额如何？
这个月的毛利情况怎样？
本月的毛利额情况？
毛利额，本月？
这个月毛利额有多少？
毛利额，这个月的有多少？
本月毛利额情况怎样？
这个月的毛利额情况？
毛利额，本月的怎样？
本月毛利额情况如何？
这个月毛利额情况如何？",指标类,毛利,,,,,,,,,,,,,,,,,
毛利额,"老板【总部】,采购【总部】,营销【总部】",为什么4月的毛利额比去年低？,,归因类,毛利,,,,,,,,,,,,,,,,,
毛利额,"老板【总部】,采购【总部】,营销【总部】",为什么4月的毛利额环比下滑了？,,归因类,毛利,,,,,,,,,,,,,,,,,
毛利额,"老板【总部】,区域经理【总部】,采购【总部】,营销【总部】",华南区本月的毛利额是多少？,,指标类,毛利,,,,,,,,,,,,,,,,,
毛利额,"老板【总部】,区域经理【总部】,采购【总部】,营销【总部】",为什么华南区4月的毛利额同比下降了？,,归因类,毛利,,,,,,,,,,,,,,,,,
毛利额,"老板【总部】,区域经理【总部】,采购【总部】,营销【总部】,店长【门店】,采购【门店】",西湖店本月的毛利额是多少？,,指标类,毛利,,,,,,,,,,,,,,,,,
毛利额,"老板【总部】,区域经理【总部】,采购【总部】,营销【总部】,店长【门店】,采购【门店】",为什么西湖店3月的毛利额比2月下降了？,,归因类,毛利,,,,,,,,,,,,,,,,,
毛利额,"老板【总部】,区域经理【总部】,采购【总部】,营销【总部】,店长【门店】,品类长【门店】,采购【门店】",西湖店母婴品类本月的毛利额是多少？,,指标类,毛利,,,,,,,,,,,,,,,,,
毛利额,"老板【总部】,区域经理【总部】,采购【总部】,营销【总部】,店长【门店】,品类长【门店】,采购【门店】",为什么西湖店母婴品类3月的毛利额比去年3月下降了？,,归因类,毛利,,,,,,,,,,,,,,,,,
毛利额,"老板【总部】,采购【总部】,营销【总部】",5月的毛利额是多少？,"5月的毛利额情况如何？
五月份的毛利额是多少？
毛利额，五月？
五月的毛利额情况？
毛利额，五月的？
五月毛利如何？
毛利额，五月的有多少？
五月的毛利额情况？
毛利额，五月的怎样？",指标类,毛利,,,,,,,,,,,,,,,,,
毛利额,"老板【总部】,区域经理【总部】,采购【总部】,营销【总部】",华南区5月的毛利额是多少？,,指标类,毛利,,,,,,,,,,,,,,,,,
毛利额,"老板【总部】,区域经理【总部】,采购【总部】,营销【总部】,店长【门店】,采购【门店】",西湖店5月的毛利额是多少？,,指标类,毛利,,,,,,,,,,,,,,,,,
毛利额,"老板【总部】,区域经理【总部】,采购【总部】,营销【总部】,店长【门店】,品类长【门店】,采购【门店】",西湖店母婴品类5月的毛利额是多少？,,指标类,毛利,,,,,,,,,,,,,,,,,
毛利额,"老板【总部】,采购【总部】,营销【总部】",上个月各区域的毛利额分别是多少？,"上个月，每个区域的毛利额是多少？
各区域在上个月的毛利额情况如何？
上月，区域毛利额的分布情况？
各区域上个月的毛利额分别怎样？
上个月，区域毛利额是怎样的？
各区域毛利额，上个月的？
上个月的毛利额，按区域来看？
各区域上月的毛利额是多少？
上个月，区域毛利额分别多少？
毛利额，上个月各区域的？
上月毛利额，按区域分？
各区域的毛利额，上个月分别如何？
上个月，区域毛利额的具体情况？
毛利额，上个月各区域分别多少？
上个月，各区域毛利额的详细情况？
各区域的毛利额，上月分别怎样？
4月，区域毛利额的比较？
毛利额，上个月各区域的对比？
上月，各区域毛利额的排序情况？
各区域上个月毛利额的高低排序？
4月份，毛利额在各区域的分布？
各区域毛利额，上个月的对比？
上月，区域毛利额的高低？
毛利额在各区域，上个月的分布情况？
上个月，各区域毛利额的高低顺序？
上一月份的各地区的毛利额是多少？
各地区的毛利额在上一月分别是多少？
毛利额在上个月的地区分布情况如何？
上月度，各地区的毛利额分别怎样？
各地区的毛利额，上个月的总和是多少？
上个月，各地域的毛利额是多少？
地域毛利额的上个月情况是怎样的？
上一月度，各地域的毛利额分别多少？
上个月的毛利额，按地域来看是怎样的？
各地域上个月的毛利额是多少？
上一月份，各地域毛利额的详细情况？
上个月，地域毛利额的比较情况如何？
上个月，各地域毛利额的高低排序是怎样的？
各地域毛利额，上个月的排序情况如何？
上一月份，毛利额在各地域的分布状况如何？
上个月，各地域毛利额的高低顺序是怎样的？
各地域毛利额，上个月的比较结果如何？
上月度，地域毛利额的高低？
上个月，各区域的毛利润分别是多少？
各区域的毛利润，上个月的总和是多少？
上一月份，各区域的毛利润分布情况如何？
上月度，各区域的毛利润分别怎样？
各区域的毛利润，上个月的是多少？",分布类,毛利,,,,,,,,,,,,,,,,,
毛利额,"老板【总部】,采购【总部】,营销【总部】",昨天各门店的毛利额排名情况如何？,"昨天各分店毛利额的排名情况是怎样的？
前一天分店毛利额排名如何？
昨日门店毛利额的排行榜情况如何？
各门店的毛利额排行榜是如何的，昨天？
门店毛利额的排名顺序怎样，前一天？
毛利额排名，分店的，昨日？
分店毛利额排名情况如何，昨天？
毛利额排名，门店的，前一天？
各门店的毛利额排名情况怎样，昨日？
毛利额排名，各分店的，昨天？
各分店毛利额的排名情况怎样，前一天？
毛利额排名，各门店的如何，昨日？
门店毛利额排名情况如何，前一天？
毛利额排名，分店的如何，昨天？
各分店毛利额的排名顺序如何，前一天？
毛利额排名，门店的怎样，昨日？
门店毛利额排名情况如何，前一天？
各分店的毛利额排名情况怎样，昨日？",排名类,毛利,,,,,,,,,,,,,,,,,
毛利额,"老板【总部】,区域经理【总部】,采购【总部】,营销【总部】",昨天华南区各门店的毛利额排名情况如何？,,排名类,毛利,,,,,,,,,,,,,,,,,
毛利额,"老板【总部】,采购【总部】,营销【总部】",5月9号各门店的毛利额排名情况如何？,"5月9号毛利额排名，各门店的？
各分店毛利额排名情况如何，5月9号？
门店毛利额的排名情况如何，5月9号？
各门店毛利额排名如何，5月9号？
各分店的毛利额排名情况如何，5月9号？
各门店毛利额排名情况怎样，5月9号？
毛利额排名，各门店的怎样，5月9号？",排名类,毛利,,,,,,,,,,,,,,,,,
毛利额,"老板【总部】,区域经理【总部】,采购【总部】,营销【总部】",华南区5月9号各门店的毛利额排名情况如何？,,排名类,毛利,,,,,,,,,,,,,,,,,
毛利额,"老板【总部】,采购【总部】,营销【总部】",上个月毛利额最高的前五个品类是什么？,"上个月的毛利润，哪些类别位列Top 5？
利润额最高的五个类目，上个月是什么？
上月，哪些商品类别的毛利额排名前五？
先前一个月，哪些类别的收益额是最高的？
上个月份，哪些大类的毛利率在前五位？
上月，哪些课的毛利润额最高？
上个月，前五个最高毛利额的品类有哪些？
上月毛利额领先的五个类目是哪些？
上月，哪些商品类别的毛利额位居前五？
上个月，哪些类别的毛利润额是最高的？
上月，毛利额最高的五个商品类别包括哪些？
上个月，哪些类目的毛利润额位列前茅？
上月，毛利额最高的五个商品类别是哪些？
上月，哪些品类的毛利额排在最前？
上个月，哪些商品类别的毛利额排在最顶端？
上月，哪些类别的毛利润额是毛利额最高的？
上个月，哪五个商品类别的毛利额最高？
上个月，哪些类别的毛利额是前五个最高？
上个月，哪些商品类别的毛利额在Top 5？
上月，哪些商品类别的毛利额排名前五位？
上个月，毛利额最高的商品类别有哪些？
上月，毛利额排行榜的前五名是哪些商品类别？
上个月份，哪些商品类别的毛利额领先？
上个月，毛利额Top 5的类目是哪些？
上月，毛利额领先五个商品类别包括哪些？
上个月，毛利额排名前五的课目有哪些？
四月份，毛利额最高的商品类目有哪些？
上个月，毛利额前五名的类目有哪些商品类别？
上月，毛利额位列前茅的商品类别有哪些？
上个月份，毛利额Top 5的商品类别包括哪些？
上个月，毛利额排名前五位的商品类别有哪些？
四月，毛利额领先五个商品类别有哪些？
上月，毛利额前五的类目有哪些商品类别？
上个月，毛利额前五强的商品类别有哪些？
上个月份，毛利额排行榜顶端的商品类别有哪些？
上个月，毛利额领先的五个商品类别有哪些？
四月份，毛利额前五名的商品类别有哪些？
上月，毛利额位列顶端的商品类别有哪些？
上个月，毛利额前五强的类目有哪些商品类别？
上个月份，毛利额排行榜前五的商品类别有哪些？
上个月，毛利额排名前五的类目有哪些？
四月，毛利额前五的商品类别有哪些？
上月，毛利额领先类目有哪些商品类别？
上个月，毛利额排行榜前五位的类目有哪些？
上个月份，毛利额前五的商品类别有哪些？",排名类,毛利,,,,,,,,,,,,,,,,,
毛利额,"老板【总部】,区域经理【总部】,采购【总部】,营销【总部】",华南区上个月毛利额最高的前五个品类是什么？,,排名类,毛利,,,,,,,,,,,,,,,,,
毛利额,"老板【总部】,区域经理【总部】,采购【总部】,营销【总部】,店长【门店】,采购【门店】",西湖店上个月毛利额最高的前五个品类是什么？,,排名类,毛利,,,,,,,,,,,,,,,,,
毛利额,"老板【总部】,采购【总部】,营销【总部】",上周金枕榴莲的毛利额是多少？,"上周金枕榴莲的毛利润是多少？
金枕榴莲，上星期的毛利额是多少？
上周8978271的毛利情况如何？
8978271，上周的毛利润额是多少？
上星期金枕榴莲的毛利额情况怎样？
金枕榴莲，上周的毛利润额如何？
上周8978271的毛利额有多少？
上周的金枕榴莲，毛利额情况如何？
8978271，上星期的毛利额情况怎样？
上周金枕榴莲的毛利额情况怎样？
金枕榴莲上星期的毛利额是多少？
上周8978271的毛利润额情况如何？
上周的金枕榴莲，毛利润额有多少？
8978271，上周的毛利额情况如何？
上周金枕榴莲的毛利额情况如何？
金枕榴莲，上个星期的毛利润额是多少？
上周8978271的毛利额情况怎样？
上星期的金枕榴莲，毛利额有多少？
8978271，上周的毛利润额情况如何？
上周的金枕榴莲，毛利额情况怎样？
金枕榴莲上星期的毛利额情况如何？
上周8978271的毛利额是多少？
上周金枕榴莲的毛利润额情况怎样？
8978271上星期的毛利额情况如何？
上周的8978271，毛利额有多少？
金枕榴莲，上周的毛利额情况如何？
上周8978271的毛利润额情况如何？
上星期金枕榴莲的毛利额是多少？
金枕榴莲，上周的毛利润额情况怎样？
上周的8978271，毛利额情况如何？
8978271，上星期的毛利额情况如何？
上周金枕榴莲的毛利额有多少？
金枕榴莲上星期的毛利润额情况如何？
上周8978271的毛利额情况怎样？
上周的金枕榴莲，毛利润额是多少？
8978271，上周的毛利额情况怎样？
上周金枕榴莲的毛利额情况如何？
金枕榴莲，上星期的毛利额情况怎样？
上周8978271的毛利润额是多少？
上星期的金枕榴莲，毛利额有多少？
8978271，上周的毛利额情况如何？
上周的金枕榴莲，毛利润额情况如何？
金枕榴莲上星期的毛利额是多少？
上周8978271的毛利额情况怎样？
上周金枕榴莲的毛利润额情况如何？
8978271上星期的毛利额情况如何？
上周的8978271，毛利额有多少？
金枕榴莲，上周的毛利额情况怎样？
上周8978271的毛利润额情况如何？
上星期金枕榴莲的毛利额情况如何？",指标类,毛利,,,,,,,,,,,,,,,,,
毛利额,"老板【总部】,区域经理【总部】,采购【总部】,营销【总部】",华南区上周金枕榴莲的毛利额是多少？,,指标类,毛利,,,,,,,,,,,,,,,,,
毛利额,"老板【总部】,区域经理【总部】,采购【总部】,营销【总部】,店长【门店】,采购【门店】,品类长【门店】",西湖店上周金枕榴莲的毛利额是多少？,,指标类,毛利,,,,,,,,,,,,,,,,,
毛利额,"老板【总部】,采购【总部】,营销【总部】",上个月线上渠道的毛利额是多少？,"上个月电商的毛利额是多少？
线上上月的毛利润额如何？
上个月份，电商渠道的毛利额有多少？
线上渠道前一月的毛利润额情况怎样？
电商上个月的毛利额是多少？
电商渠道上个月的毛利额情况如何？
上个月线上的毛利润额情况怎样？
线上前一个月的毛利额是多少？
电商渠道上个月的毛利额情况如何？
上个月电商的毛利润额情况怎样？
线上上个月的毛利额情况如何？
电商渠道前一月份的毛利额是多少？
上月电商的毛利额情况如何？
电商上个月的毛利润额有多少？
线上上个月的毛利额情况怎样？
电商渠道上个月的毛利润额情况如何？
上个月线上的毛利额是多少？
线上上个月的毛利润额情况怎样？
电商渠道上月的毛利额情况如何？
电商上个月的毛利额情况怎样？
上个月电商渠道的毛利额情况如何？
线上商城上月的毛利额有多少？
电商上个月的毛利润额情况怎样？
线上前一月的毛利额是多少？
电商渠道上个月的毛利额情况如何？
线上上个月的毛利润额情况如何？
电商上月的毛利额情况如何？
电商渠道前一个月的毛利额情况怎样？
线上上个月的毛利额有多少？
电商渠道上个月的毛利润额是多少？
上个月电商的毛利额情况如何？
线上上个月的毛利额情况怎样？
电商渠道上个月的毛利额情况如何？
电商上个月的毛利润额有多少？
线上前一月份的毛利额情况如何？
电商渠道上月的毛利额情况怎样？
线上上个月的毛利润额情况如何？
电商上个月的毛利额情况如何？
电商渠道上个月的毛利额有多少？
线上上个月的毛利额情况如何？
电商上月的毛利润额情况如何？
电商渠道前一个月的毛利额情况怎样？
线上上个月的毛利额是多少？
电商渠道上个月的毛利润额情况如何？
电商上个月的毛利额情况怎样？
线上上个月的毛利润额有多少？
电商渠道上月的毛利额情况如何？
电商上个月的毛利额情况如何？
线上上个月的毛利额情况怎样？
电商渠道上个月的毛利额是多少？",指标类,毛利,,,,,,,,,,,,,,,,,
毛利额,"老板【总部】,区域经理【总部】,采购【总部】,营销【总部】",华南区上个月线上渠道的毛利额是多少？,,指标类,毛利,,,,,,,,,,,,,,,,,
毛利额,"老板【总部】,区域经理【总部】,采购【总部】,营销【总部】,店长【门店】",西湖店上个月线上渠道的毛利额是多少？,,指标类,毛利,,,,,,,,,,,,,,,,,
母婴毛利额占比,"老板【总部】,采购【总部】,营销【总部】",上月母婴毛利额占总毛利额的百分比是多少？,"上个月母婴的毛利额占总毛利额的多少？
母婴毛利额上个月占总毛利额的百分比如何？
上月毛利额中，母婴的占比情况怎样？
毛利额里，上个月母婴的占比是多少？
上个月，母婴毛利额占总毛利额的比率是多少？
上个月的毛利额，母婴占比情况如何？
母婴毛利额，上个月占总毛利额的百分比怎样？
上月，总毛利额中母婴毛利额的占比是多少？
总毛利额里，上个月母婴毛利额的占比情况如何？
上个月母婴毛利额占比是多少？
上个月，母婴毛利润占比怎样？
母婴的毛利额，上个月占总毛利额的比率如何？
上月份，母婴毛利额占总毛利额的百分比是多少？
毛利额中，上个月母婴的占比情况怎样？
上个月，母婴毛利额占总毛利额的百分比如何？
上个月的总毛利额，母婴毛利额占比是多少？
毛利额的母婴占比，上个月是多少？
上个月，母婴毛利额占总毛利额的比率怎样？
上个月，总毛利额中母婴毛利额的占比情况如何？
母婴毛利额在上月总毛利额中的占比是多少？
上个月母婴毛利额占总毛利额的占比情况怎样？
上月母婴毛利额占总毛利额的百分比情况如何？
上个月母婴毛利额占总毛利额的比率是多少？
上月母婴毛利额占总毛利额的百分比是怎样的？
上个月，母婴毛利额占总毛利额的占比情况如何？
母婴毛利额占总毛利额的百分比，上个月是多少？
上个月，母婴毛利润占总毛利润的比率如何？
上月母婴毛利额占总毛利额的比率怎样？
上个月的母婴毛利额占总毛利额的百分比情况如何？
上月，母婴毛利额占总毛利额的占比情况怎样？",指标类,毛利,,,,,,,,,,,,,,,,,
母婴毛利额占比,"老板【总部】,区域经理【总部】,采购【总部】,营销【总部】",华南区上月母婴毛利额占总毛利额的百分比是多少？,,指标类,毛利,,,,,,,,,,,,,,,,,
母婴毛利额占比,"老板【总部】,区域经理【总部】,采购【总部】,营销【总部】,店长【门店】,品类长【门店】,采购【门店】",西湖店上月母婴毛利额占总毛利额的百分比是多少？,,指标类,毛利,,,,,,,,,,,,,,,,,
毛利额,"老板【总部】,采购【总部】,营销【总部】",今年的累计毛利额是多少？,"今年到目前为止的毛利额总计是多少？
毛利额，今年累计的有多少？
本年度的总毛利润累计情况怎样？
今年的全年毛利总和是多少？
累计毛利额，今年有多少？
今年的毛利额累计起来有多少？
毛利额，今年累计的总和如何？
今年到目前为止的毛利润总和怎样？
本年度的毛利额累计起来是多少？
今年毛利额的累计总和如何？
毛利额，今年累计的总计怎样？
今年到目前为止的毛利额总和如何？
毛利额，今年的累计情况如何？
本年度的总毛利润累计是多少？
今年毛利额累计的总和怎样？
毛利额，今年到目前为止的累计是多少？
今年的全年毛利额累计总和如何？
毛利额，今年累计的总计怎样？
今年到目前为止的毛利润累计总和有多少？
本年度毛利额累计的总计如何？
今年毛利额累计的总和情况怎样？
毛利额，本年度累计的有多少？
今年到目前为止的毛利额累计情况如何？
毛利额，今年累计的总和怎样？
今年的毛利额累计总和是多少？
毛利额，今年累计的总计如何？
本年度毛利额累计的总和情况如何？
今年到目前为止的毛利润总和怎样？
毛利额，今年累计的总计有多少？
今年毛利额的累计总和情况怎样？",指标类,毛利,,,,,,,,,,,,,,,,,
毛利额,"老板【总部】,区域经理【总部】,采购【总部】,营销【总部】",华南区今年的累计毛利额是多少？,,指标类,毛利,,,,,,,,,,,,,,,,,
毛利额,"老板【总部】,区域经理【总部】,采购【总部】,营销【总部】,店长【门店】,采购【门店】",西湖店今年的累计毛利额是多少？,,指标类,毛利,,,,,,,,,,,,,,,,,
毛利额,"老板【总部】,区域经理【总部】,采购【总部】,营销【总部】,店长【门店】,品类长【门店】,采购【门店】",西湖店母婴品类今年的累计毛利额是多少？,,指标类,毛利,,,,,,,,,,,,,,,,,
毛利额,"老板【总部】,采购【总部】,营销【总部】",上个月毛利额在所有品类中的分布情况是怎样的？,"上月各品类的毛利额分布情况如何？
上月度品类毛利额的分布比例有哪些？
各个品类在上个月的毛利额占比情况是怎样的？
上月的品类毛利额分布图能说明什么？
上个月的毛利额在所有品类中分布均匀吗？
上月度毛利额在各个品类中的分布情况有何特点？
上个月每个品类的毛利额分布情况如何？
上月毛利额在各品类之间的分布情况是怎样的？
上个月份，毛利额在各品类中是如何分布的？
上个月的毛利额分布，品类占比情况如何？
上个月，各品类毛利额的分布情况是怎样的？
上个月的毛利额在所有品类中分布情况如何？
上个月，各品类毛利额占比情况是怎样的？
上月各品类毛利额的分布情况有哪些特点？
上个月，毛利额在各品类中占比情况如何？
上月度毛利额在各品类中的分布情况有哪些？
上个月，品类毛利额分布情况如何？
上个月，毛利额在所有品类中的分布情况是怎样的？
上月度，各品类毛利额的分布情况有哪些？
上个月，品类毛利额分布情况如何？",分布类,毛利,,,,,,,,,,,,,,,,,
毛利额,"老板【总部】,区域经理【总部】,采购【总部】,营销【总部】",华南区上个月毛利额在所有品类中的分布情况是怎样的？,,分布类,毛利,,,,,,,,,,,,,,,,,
毛利额,"老板【总部】,区域经理【总部】,采购【总部】,营销【总部】,店长【门店】,采购【门店】",西湖店上个月毛利额在所有品类中的分布情况是怎样的？,,分布类,毛利,,,,,,,,,,,,,,,,,
毛利额,"老板【总部】,采购【总部】,营销【总部】",四月毛利额在所有品类中的分布情况是怎样的？,"4月的品类毛利额分布是怎样的？
四月份的毛利额在各个品类之间是如何分配的？
4月的毛利额在各品类中是如何分布的？
四月份每个品类的毛利额占比是多少？
4月的品类毛利额占比情况怎样？
4月，各品类的毛利额分布情况有哪些？
4月，毛利额在各品类中如何分布？
4月的品类毛利额分布情况怎样？
4月，各品类的毛利额占比情况怎样？
4月，毛利额在各品类中如何分配？",分布类,毛利,,,,,,,,,,,,,,,,,
毛利额,"老板【总部】,区域经理【总部】,采购【总部】,营销【总部】",华南区四月毛利额在所有品类中的分布情况是怎样的？,,分布类,毛利,,,,,,,,,,,,,,,,,
毛利额,"老板【总部】,区域经理【总部】,采购【总部】,营销【总部】,店长【门店】,采购【门店】",西湖店四月毛利额在所有品类中的分布情况是怎样的？,,分布类,毛利,,,,,,,,,,,,,,,,,
毛利额,"老板【总部】,采购【总部】,营销【总部】",昨天毛利额最高的前十个商品是什么？,"昨天毛利额Top10的商品有哪些？
昨天毛利额最高的10个商品包括哪些？
昨天的毛利润最高的前十名商品有哪些？
昨天毛利额最高的十名商品包括什么？
前一天毛利额最高的Top10商品是哪些？
昨天毛利额最高的前十个商品是什么？
昨天毛利润最高的10个商品包括哪些？
昨天的毛利额最高的十名商品有哪些？
昨天毛利额最高的Top10有哪些商品？
昨天毛利额最高的十个商品是什么？
昨日毛利润Top 10商品列表是什么？
前一天毛利额最高的十种商品包括哪些？
昨天毛利额最高的商品Top 10有哪些？
昨日毛利额最高的商品前10名是哪些？
前一天的毛利额Top 10商品有哪些？
昨天毛利润最高的商品前10有哪些？
前一天毛利额最高的商品Top 10是哪些？
昨天毛利额最高的商品前十个是什么？
前一天毛利额最高的十种商品是什么？
昨天毛利额最高的商品Top 10包括哪些？
前一天毛利润最高的商品Top 10有哪些？
昨天毛利额最高的商品前10名包括什么？
前一天毛利润最高的商品前十个是什么？
昨天毛利额最高的商品Top 10有哪些？
",排名类,毛利,,,,,,,,,,,,,,,,,
毛利额,"老板【总部】,区域经理【总部】,采购【总部】,营销【总部】",华南区昨天毛利额最高的前十个商品是什么？,,排名类,毛利,,,,,,,,,,,,,,,,,
毛利额,"老板【总部】,区域经理【总部】,采购【总部】,营销【总部】,店长【门店】,采购【门店】",西湖店昨天毛利额最高的前十个商品是什么？,,排名类,毛利,,,,,,,,,,,,,,,,,
毛利额,"老板【总部】,区域经理【总部】,采购【总部】,营销【总部】,店长【门店】,品类长【门店】,采购【门店】",西湖店母婴品类昨天毛利额最高的前十个商品是什么？,,排名类,毛利,,,,,,,,,,,,,,,,,
毛利额,"老板【总部】,区域经理【总部】,采购【总部】,营销【总部】,店长【门店】,品类长【门店】,采购【门店】",西湖店婴幼儿奶粉小类昨天毛利额最高的前十个商品是什么？,,排名类,毛利,,,,,,,,,,,,,,,,,
毛利额,"老板【总部】,采购【总部】,营销【总部】",5月9号毛利额最高的前十个商品是什么？,"5月9号的毛利额最高的商品前10名有哪些？
5月9号毛利润最高的前10名商品是什么？
5月9号毛利额最高的十名商品是哪些？
5月9号的毛利额最高的十个商品是什么？
5月9号毛利润最高的前10个商品有哪些？
5月9号哪些商品的毛利额排在前10的？
5月9号毛利额最高的前十名商品有哪些？
5月9号毛利额最高的Top10商品是什么？
5月9号毛利额最高的前10个商品是哪些？
5月9号毛利润最高的前十名商品包括什么？
5月9号毛利额最高的十名商品包括哪些？
5月9号毛利润最高的商品前十个包括什么？
5月9号毛利额最高的商品十名是哪些？
5月9号毛利润最高的商品前10名有哪些？
5月9号毛利额最高的商品前10名是什么？
5月9号毛利额最高的商品十名有哪些？
",排名类,毛利,,,,,,,,,,,,,,,,,
毛利额,"老板【总部】,区域经理【总部】,采购【总部】,营销【总部】",华南区5月9号毛利额最高的前十个商品是什么？,,排名类,毛利,,,,,,,,,,,,,,,,,
毛利额,"老板【总部】,区域经理【总部】,采购【总部】,营销【总部】,店长【门店】,采购【门店】",西湖店5月9号毛利额最高的前十个商品是什么？,,排名类,毛利,,,,,,,,,,,,,,,,,
毛利额,"老板【总部】,区域经理【总部】,采购【总部】,营销【总部】",华南区母婴品类5月9号毛利额最高的前十个商品是什么？,,排名类,毛利,,,,,,,,,,,,,,,,,
毛利额,"老板【总部】,区域经理【总部】,采购【总部】,营销【总部】",华南区婴幼儿奶粉小类5月9号毛利额最高的前十个商品是什么？,,排名类,毛利,,,,,,,,,,,,,,,,,
计划毛利额,"老板【总部】,区域经理【总部】",今年的总计划毛利额是多少？,,指标类,毛利,,,,,,,,,,,,,,,,,
计划毛利额,"老板【总部】,采购【总部】,营销【总部】",这个月的计划毛利额是多少？,,指标类,毛利,,,,,,,,,,,,,,,,,
计划毛利额,"老板【总部】,区域经理【总部】,采购【总部】,营销【总部】",这个月华南区的计划毛利额是多少？,,指标类,毛利,,,,,,,,,,,,,,,,,
计划毛利额,"老板【总部】,区域经理【总部】,采购【总部】,营销【总部】,店长【门店】,采购【门店】",这个月西湖店的计划毛利额是多少？,,指标类,毛利,,,,,,,,,,,,,,,,,
计划毛利额,"老板【总部】,采购【总部】,营销【总部】",这个月母婴品类的计划毛利额是多少？,,指标类,毛利,,,,,,,,,,,,,,,,,
计划毛利额,"老板【总部】,区域经理【总部】,采购【总部】,营销【总部】",华南区这个月母婴品类的计划毛利额是多少？,,指标类,毛利,,,,,,,,,,,,,,,,,
计划毛利额,"老板【总部】,区域经理【总部】,采购【总部】,营销【总部】,店长【门店】,品类长【门店】,采购【门店】",西湖店这个月母婴品类的计划毛利额是多少？,,指标类,毛利,,,,,,,,,,,,,,,,,
计划毛利额,"老板【总部】,采购【总部】,营销【总部】",这个月各个区域的计划毛利额是多少？,,分布类,毛利,,,,,,,,,,,,,,,,,
计划毛利额,"老板【总部】,采购【总部】,营销【总部】",这个月各个品类的计划毛利额是多少？,,分布类,毛利,,,,,,,,,,,,,,,,,
计划毛利额,"老板【总部】,区域经理【总部】,采购【总部】,营销【总部】",华南区这个月各个品类的计划毛利额是多少？,,分布类,毛利,,,,,,,,,,,,,,,,,
计划毛利额,"老板【总部】,区域经理【总部】,采购【总部】,营销【总部】,店长【门店】,采购【门店】",西湖店这个月各个品类的计划毛利额是多少？,,分布类,毛利,,,,,,,,,,,,,,,,,
毛利额达成率,"老板【总部】,采购【总部】,营销【总部】",上个月的毛利额达成率是多少？,,指标类,毛利,,,,,,,,,,,,,,,,,
毛利额达成率,"老板【总部】,营销【总部】",上个月毛利额达成率为什么同比降低了？,,归因类,毛利,,,,,,,,,,,,,,,,,
毛利额达成率,"老板【总部】,采购【总部】,营销【总部】",各个大区上个月的毛利额达成率是多少？,,分布类,毛利,,,,,,,,,,,,,,,,,
毛利额达成率,"老板【总部】,采购【总部】,营销【总部】",各个品类上个月的毛利额达成率是多少？,,分布类,毛利,,,,,,,,,,,,,,,,,
毛利额达成率,"老板【总部】,区域经理【总部】,采购【总部】,营销【总部】",华南区各个品类上个月的毛利额达成率是多少？,,分布类,毛利,,,,,,,,,,,,,,,,,
毛利额达成率,"老板【总部】,区域经理【总部】,采购【总部】,营销【总部】,店长【门店】,采购【门店】",西湖店各个品类上个月的毛利额达成率是多少？,,分布类,毛利,,,,,,,,,,,,,,,,,
毛利额达成率,"老板【总部】,区域经理【总部】,采购【总部】,营销【总部】",华南区上个月的毛利额达成率是多少？,,指标类,毛利,,,,,,,,,,,,,,,,,
毛利额达成率,"老板【总部】,区域经理【总部】,营销【总部】",华南区上个月毛利额达成率为什么比前一个月低？,,归因类,毛利,,,,,,,,,,,,,,,,,
毛利额达成率,"老板【总部】,区域经理【总部】,营销【总部】,店长【门店】,品类长【门店】,采购【总部】,采购【门店】",西湖店上个月的毛利额达成率是多少？,,指标类,毛利,,,,,,,,,,,,,,,,,
毛利额达成率,"老板【总部】,区域经理【总部】,营销【总部】,店长【门店】",西湖店上个月毛利额达成率为什么环比下滑了？,,归因类,毛利,,,,,,,,,,,,,,,,,
毛利额达成率,"老板【总部】,区域经理【总部】,营销【总部】,店长【门店】,品类长【门店】,采购【总部】,采购【门店】",西湖店母婴品类上个月的毛利额达成率是多少？,,指标类,毛利,,,,,,,,,,,,,,,,,
毛利额达成率,"老板【总部】,区域经理【总部】,营销【总部】,店长【门店】,品类长【门店】,采购【总部】,采购【门店】",西湖店母婴品类上个月的毛利额达成率为什么比去年低？,,归因类,毛利,,,,,,,,,,,,,,,,,
毛利额达成率环比,"老板【总部】,采购【总部】,营销【总部】",与上个月相比，本月份的毛利额达成率有何变化？,,指标类,毛利,,,,,,,,,,,,,,,,,
毛利额达成率环比,"老板【总部】,区域经理【总部】,采购【总部】,营销【总部】",与上个月相比，华南区本月份的毛利额达成率有何变化？,,指标类,毛利,,,,,,,,,,,,,,,,,
毛利额达成率环比,"老板【总部】,区域经理【总部】,采购【总部】,营销【总部】,店长【门店】,采购【门店】",与上个月相比，西湖店本月份的毛利额达成率有何变化？,,指标类,毛利,,,,,,,,,,,,,,,,,
毛利额达成率环比,"老板【总部】,区域经理【总部】,店长【门店】,营销【总部】,品类长【门店】,采购【总部】,采购【门店】",与上个月相比，西湖店母婴品类本月份的毛利额达成率有何变化？,,指标类,毛利,,,,,,,,,,,,,,,,,
毛利额达成率,"老板【总部】,采购【总部】,营销【总部】",上个月，哪些区域的毛利额达成率表现最佳？,,分布类,毛利,,,,,,,,,,,,,,,,,
毛利额达成率,"老板【总部】,营销【总部】,采购【总部】",今年至今，哪些门店的毛利额达成率最差？,,排名类,毛利,,,,,,,,,,,,,,,,,
毛利额达成率,"老板【总部】,区域经理【总部】,营销【总部】,采购【总部】",今年至今，华南区哪些门店的毛利额达成率最差？,,排名类,毛利,,,,,,,,,,,,,,,,,
门店毛利达成率排名,"老板【总部】,店长【门店】",上个月，在所有门店中，深圳店的毛利额达成率排第几名？,,指标类,毛利,,,,,,,,,,,,,,,,,
门店毛利达成率排名,"老板【总部】,区域经理【总部】,店长【门店】",上个月，在华南区所有门店中，深圳店的毛利额达成率排第几名？,,指标类,毛利,,,,,,,,,,,,,,,,,
毛利额达成率,"老板【总部】,营销【总部】",上个月，哪个品类的毛利达成率最高？,,指标类,毛利,,,,,,,,,,,,,,,,,
毛利额达成率,"老板【总部】,区域经理【总部】,营销【总部】",上个月，华南区哪个品类的毛利达成率最高？,,指标类,毛利,,,,,,,,,,,,,,,,,
毛利额达成率,"老板【总部】,区域经理【总部】,营销【总部】,店长【门店】",上个月，西湖店哪个品类的毛利达成率最高？,,指标类,毛利,,,,,,,,,,,,,,,,,
毛利额达成率,"老板【总部】,营销【总部】",去年全年，毛利额达成率呈现什么趋势？,,趋势类,毛利,,,,,,,,,,,,,,,,,
毛利额达成率,"老板【总部】,区域经理【总部】,营销【总部】",去年全年，华南区的毛利额达成率呈现什么趋势？,,趋势类,毛利,,,,,,,,,,,,,,,,,
毛利额达成率,"老板【总部】,区域经理【总部】,营销【总部】,店长【门店】",去年全年，西湖店的毛利额达成率呈现什么趋势？,,趋势类,毛利,,,,,,,,,,,,,,,,,
毛利额达成率,"老板【总部】,区域经理【总部】,营销【总部】,店长【门店】,品类长【门店】",去年全年，西湖店母婴品类毛利额达成率呈现什么趋势？,,趋势类,毛利,,,,,,,,,,,,,,,,,
毛利额达成率同比,"老板【总部】,营销【总部】",今年到目前为止，与去年同期相比，毛利额达成率有什么变化？,,指标类,毛利,,,,,,,,,,,,,,,,,
毛利额达成率同比,"老板【总部】,区域经理【总部】,营销【总部】",今年到目前为止，与去年同期相比，华南区毛利额达成率有什么变化？,,指标类,毛利,,,,,,,,,,,,,,,,,
毛利额达成率同比,"老板【总部】,区域经理【总部】,营销【总部】,店长【门店】",今年到目前为止，与去年同期相比，西湖店毛利额达成率有什么变化？,,指标类,毛利,,,,,,,,,,,,,,,,,
毛利额达成率同比,"老板【总部】,区域经理【总部】,营销【总部】,店长【门店】,品类长【门店】",今年到目前为止，与去年同期相比，西湖店母婴品类毛利额达成率有什么变化？,,指标类,毛利,,,,,,,,,,,,,,,,,
毛利同比,"老板【总部】,采购【总部】,营销【总部】",昨天的销售额同比,,指标类,毛利,,,,,,,,,,,,,,,,,
毛利同比,"老板【总部】,区域经理【总部】,采购【总部】,营销【总部】",华南区昨天的销售额同比,,指标类,毛利,,,,,,,,,,,,,,,,,
毛利同比,"老板【总部】,区域经理【总部】,采购【总部】,营销【总部】,店长【门店】,采购【门店】",西湖店昨天的销售额同比,,指标类,毛利,,,,,,,,,,,,,,,,,
毛利同比,"老板【总部】,区域经理【总部】,采购【总部】,营销【总部】,店长【门店】,品类长【门店】,采购【门店】",西湖店母婴品类昨天的销售额同比,,指标类,毛利,,,,,,,,,,,,,,,,,
毛利同比,"老板【总部】,区域经理【总部】,采购【总部】,营销【总部】",华南区婴幼儿奶粉小类昨天的销售额同比,,指标类,毛利,,,,,,,,,,,,,,,,,
毛利同比,"老板【总部】,采购【总部】,营销【总部】",上周的销售额同比,,指标类,毛利,,,,,,,,,,,,,,,,,
毛利同比,"老板【总部】,区域经理【总部】,采购【总部】,营销【总部】",华南区上周的销售额同比,,指标类,毛利,,,,,,,,,,,,,,,,,
毛利同比,"老板【总部】,区域经理【总部】,采购【总部】,营销【总部】,店长【门店】,采购【门店】",西湖店上周的销售额同比,,指标类,毛利,,,,,,,,,,,,,,,,,
毛利同比,"老板【总部】,区域经理【总部】,采购【总部】,营销【总部】,店长【门店】,品类长【门店】,采购【门店】",西湖店母婴品类上周的销售额同比,,指标类,毛利,,,,,,,,,,,,,,,,,
毛利同比,"老板【总部】,区域经理【总部】,采购【总部】,营销【总部】",华南区婴幼儿奶粉小类上周的销售额同比,,指标类,毛利,,,,,,,,,,,,,,,,,
毛利同比,"老板【总部】,采购【总部】,营销【总部】",今年3月份的销售额同比增长,,指标类,毛利,,,,,,,,,,,,,,,,,
毛利同比,"老板【总部】,区域经理【总部】,采购【总部】,营销【总部】",华南区今年3月份的销售额同比增长,,指标类,毛利,,,,,,,,,,,,,,,,,
毛利同比,"老板【总部】,区域经理【总部】,采购【总部】,营销【总部】,店长【门店】,采购【门店】",西湖店今年3月份的销售额同比增长,,指标类,毛利,,,,,,,,,,,,,,,,,
毛利同比,"老板【总部】,区域经理【总部】,采购【总部】,营销【总部】,店长【门店】,品类长【门店】,采购【门店】",西湖店母婴品类今年3月份的销售额同比增长,,指标类,毛利,,,,,,,,,,,,,,,,,
毛利同比,"老板【总部】,区域经理【总部】,采购【总部】,营销【总部】",华南区婴幼儿奶粉小类今年3月份的销售额同比增长,,指标类,毛利,,,,,,,,,,,,,,,,,
毛利同比,"老板【总部】,采购【总部】,营销【总部】",上个月各区域的销售额同比增长率,,排名类,毛利,,,,,,,,,,,,,,,,,
毛利同比,"老板【总部】,区域经理【总部】,采购【总部】,营销【总部】,店长【门店】",今年到目前为止，西湖店的销售额同比增长了多少？,,指标类,毛利,,,,,,,,,,,,,,,,,
毛利同比,"老板【总部】,采购【总部】,营销【总部】",上个月母婴品类的销售额同比增长了多少？,,指标类,毛利,,,,,,,,,,,,,,,,,
毛利同比,"老板【总部】,区域经理【总部】,采购【总部】,营销【总部】",华南区上个月母婴品类的销售额同比增长了多少？,,指标类,毛利,,,,,,,,,,,,,,,,,
毛利同比,"老板【总部】,区域经理【总部】,采购【总部】,营销【总部】,店长【门店】,品类长【门店】,采购【门店】",西湖店上个月母婴品类的销售额同比增长了多少？,,指标类,毛利,,,,,,,,,,,,,,,,,
毛利同比,"老板【总部】,采购【总部】,营销【总部】",上周金枕榴莲销售额同比增长了多少？,,指标类,毛利,,,,,,,,,,,,,,,,,
毛利同比,"老板【总部】,区域经理【总部】,采购【总部】,营销【总部】",上周华南区金枕榴莲销售额同比增长了多少？,,指标类,毛利,,,,,,,,,,,,,,,,,
毛利同比,"老板【总部】,区域经理【总部】,采购【总部】,营销【总部】,店长【门店】,品类长【门店】,采购【门店】",上周西湖店金枕榴莲销售额同比增长了多少？,,指标类,毛利,,,,,,,,,,,,,,,,,
毛利同比,"老板【总部】,营销【总部】",上个月线上渠道的销售额同比,,指标类,毛利,,,,,,,,,,,,,,,,,
毛利同比,"老板【总部】,区域经理【总部】,营销【总部】",华南区上个月线上渠道的销售额同比,,指标类,毛利,,,,,,,,,,,,,,,,,
毛利同比,"老板【总部】,区域经理【总部】,营销【总部】,店长【门店】",西湖店上个月线上渠道的销售额同比,,指标类,毛利,,,,,,,,,,,,,,,,,
毛利环比,"老板【总部】,采购【总部】,营销【总部】",上周的销售额环比,,指标类,毛利,,,,,,,,,,,,,,,,,
毛利环比,"老板【总部】,区域经理【总部】,采购【总部】,营销【总部】",华南区上周的销售额环比,,指标类,毛利,,,,,,,,,,,,,,,,,
毛利环比,"老板【总部】,区域经理【总部】,采购【总部】,营销【总部】,店长【门店】,采购【门店】",西湖店上周的销售额环比,,指标类,毛利,,,,,,,,,,,,,,,,,
毛利环比,"老板【总部】,区域经理【总部】,采购【总部】,营销【总部】,店长【门店】,品类长【门店】,采购【门店】",西湖店母婴品类上周的销售额环比,,指标类,毛利,,,,,,,,,,,,,,,,,
毛利环比,"老板【总部】,区域经理【总部】,采购【总部】,营销【总部】",华南区婴幼儿奶粉小类上周的销售额环比,,指标类,毛利,,,,,,,,,,,,,,,,,
毛利环比,"老板【总部】,采购【总部】,营销【总部】",上周的销售额环比,,指标类,毛利,,,,,,,,,,,,,,,,,
毛利环比,"老板【总部】,区域经理【总部】,采购【总部】,营销【总部】",华南区上周的销售额环比,,指标类,毛利,,,,,,,,,,,,,,,,,
毛利环比,"老板【总部】,区域经理【总部】,采购【总部】,营销【总部】,店长【门店】,采购【门店】",西湖店上周的销售额环比,,指标类,毛利,,,,,,,,,,,,,,,,,
毛利环比,"老板【总部】,区域经理【总部】,采购【总部】,营销【总部】,店长【门店】,品类长【门店】,采购【门店】",西湖店母婴品类上周的销售额环比,,指标类,毛利,,,,,,,,,,,,,,,,,
毛利环比,"老板【总部】,区域经理【总部】,采购【总部】,营销【总部】",华南区婴幼儿奶粉小类上周的销售额环比,,指标类,毛利,,,,,,,,,,,,,,,,,
毛利环比,"老板【总部】,采购【总部】,营销【总部】",今年3月份的销售额环比增长,,指标类,毛利,,,,,,,,,,,,,,,,,
毛利环比,"老板【总部】,区域经理【总部】,采购【总部】,营销【总部】",华南区今年3月份的销售额环比增长,,指标类,毛利,,,,,,,,,,,,,,,,,
毛利环比,"老板【总部】,区域经理【总部】,采购【总部】,营销【总部】,店长【门店】,采购【门店】",西湖店今年3月份的销售额环比增长,,指标类,毛利,,,,,,,,,,,,,,,,,
毛利环比,"老板【总部】,区域经理【总部】,采购【总部】,营销【总部】,店长【门店】,品类长【门店】,采购【门店】",西湖店母婴品类今年3月份的销售额环比增长,,指标类,毛利,,,,,,,,,,,,,,,,,
毛利环比,"老板【总部】,区域经理【总部】,采购【总部】,营销【总部】",华南区婴幼儿奶粉小类今年3月份的销售额环比增长,,指标类,毛利,,,,,,,,,,,,,,,,,
毛利环比,"老板【总部】,采购【总部】,营销【总部】",上个月各区域的销售额环比增长率,,排名类,毛利,,,,,,,,,,,,,,,,,
毛利环比,"老板【总部】,采购【总部】,营销【总部】",上个月母婴品类的销售额环比增长了多少？,,指标类,毛利,,,,,,,,,,,,,,,,,
毛利环比,"老板【总部】,区域经理【总部】,采购【总部】,营销【总部】",华南区上个月母婴品类的销售额环比增长了多少？,,指标类,毛利,,,,,,,,,,,,,,,,,
毛利环比,"老板【总部】,区域经理【总部】,采购【总部】,营销【总部】,店长【门店】,品类长【门店】,采购【门店】",西湖店上个月母婴品类的销售额环比增长了多少？,,指标类,毛利,,,,,,,,,,,,,,,,,
毛利环比,"老板【总部】,采购【总部】,营销【总部】",上周金枕榴莲销售额环比增长了多少？,,指标类,毛利,,,,,,,,,,,,,,,,,
毛利环比,"老板【总部】,区域经理【总部】,采购【总部】,营销【总部】",上周华南区金枕榴莲销售额环比增长了多少？,,指标类,毛利,,,,,,,,,,,,,,,,,
毛利环比,"老板【总部】,区域经理【总部】,采购【总部】,营销【总部】,店长【门店】,品类长【门店】,采购【门店】",上周西湖店金枕榴莲销售额环比增长了多少？,,指标类,毛利,,,,,,,,,,,,,,,,,
毛利环比,"老板【总部】,营销【总部】",上个月线上渠道的销售额环比,,指标类,毛利,,,,,,,,,,,,,,,,,
毛利环比,"老板【总部】,区域经理【总部】,营销【总部】",华南区上个月线上渠道的销售额环比,,指标类,毛利,,,,,,,,,,,,,,,,,
毛利环比,"老板【总部】,区域经理【总部】,营销【总部】,店长【门店】",西湖店上个月线上渠道的销售额环比,,指标类,毛利,,,,,,,,,,,,,,,,,
毛利贡献,"老板【总部】,采购【总部】,营销【总部】",上个月，在所有品类中，哪个品类的毛利额贡献最大？,,指标类,毛利,,,,,,,,,,,,,,,,,
毛利贡献,"老板【总部】,区域经理【总部】,采购【总部】,营销【总部】",华南区上个月，在所有品类中，哪个品类的毛利额贡献最大？,,指标类,毛利,,,,,,,,,,,,,,,,,
毛利贡献,"老板【总部】,区域经理【总部】,采购【总部】,营销【总部】,店长【门店】,采购【门店】",西湖店上个月，在所有品类中，哪个品类的毛利额贡献最大？,,指标类,毛利,,,,,,,,,,,,,,,,,
毛利贡献,"老板【总部】,采购【总部】,营销【总部】",去年，哪些品类对总毛利额的贡献最大？,,分布类,毛利,,,,,,,,,,,,,,,,,
毛利贡献,"老板【总部】,区域经理【总部】,采购【总部】,营销【总部】",去年，华南区哪些品类对总毛利额的贡献最大？,,分布类,毛利,,,,,,,,,,,,,,,,,
毛利贡献,"老板【总部】,区域经理【总部】,采购【总部】,营销【总部】,店长【门店】,采购【门店】",去年，西湖店哪些品类对总毛利额的贡献最大？,,分布类,毛利,,,,,,,,,,,,,,,,,
毛利贡献,"老板【总部】,采购【总部】,营销【总部】",上个月，哪些门店的毛利贡献最高？,,分布类,毛利,,,,,,,,,,,,,,,,,
毛利贡献,"老板【总部】,区域经理【总部】,采购【总部】,营销【总部】",上个月，华南区哪些门店的毛利贡献最高？,,分布类,毛利,,,,,,,,,,,,,,,,,
毛利贡献,"老板【总部】,营销【总部】",上周，线上和线下渠道对毛利的贡献分别是多少？,,分布类,毛利,,,,,,,,,,,,,,,,,
毛利贡献,"老板【总部】,区域经理【总部】,营销【总部】",上周，华南区线上和线下渠道对毛利的贡献分别是多少？,,分布类,毛利,,,,,,,,,,,,,,,,,
毛利贡献,"老板【总部】,区域经理【总部】,营销【总部】,店长【门店】",上周，西湖店线上和线下渠道对毛利的贡献分别是多少？,,分布类,毛利,,,,,,,,,,,,,,,,,
毛利贡献,"老板【总部】,采购【总部】,营销【总部】",上个月，不同区域对整体毛利额的贡献如何？,,分布类,毛利,,,,,,,,,,,,,,,,,
毛利贡献,"老板【总部】,采购【总部】,营销【总部】",上个月，对整体毛利额贡献最高的10个商品是哪些？,,分布类,毛利,,,,,,,,,,,,,,,,,
毛利贡献,"老板【总部】,区域经理【总部】,采购【总部】,营销【总部】",上个月，华南区对整体毛利额贡献最高的10个商品是哪些？,,分布类,毛利,,,,,,,,,,,,,,,,,
毛利贡献,"老板【总部】,区域经理【总部】,采购【总部】,营销【总部】,店长【门店】,采购【门店】",上个月，西湖店对整体毛利额贡献最高的10个商品是哪些？,,分布类,毛利,,,,,,,,,,,,,,,,,
毛利贡献,"老板【总部】,区域经理【总部】,采购【总部】,营销【总部】,店长【门店】,品类长【门店】,采购【门店】",上个月，西湖店母婴品类对整体毛利额贡献最高的10个商品是哪些？,,分布类,毛利,,,,,,,,,,,,,,,,,
毛利贡献,"老板【总部】,采购【总部】,营销【总部】",上个月，母婴品类的毛利占比有何变化？,,指标类,毛利,,,,,,,,,,,,,,,,,
毛利贡献,"老板【总部】,区域经理【总部】,采购【总部】,营销【总部】",上个月，华南区母婴品类的毛利占比有何变化？,,指标类,毛利,,,,,,,,,,,,,,,,,
毛利贡献,"老板【总部】,区域经理【总部】,采购【总部】,营销【总部】,店长【门店】,品类长【门店】,采购【门店】",上个月，西湖店母婴品类的毛利占比有何变化？,,指标类,毛利,,,,,,,,,,,,,,,,,
毛利率,"老板【总部】,采购【总部】,营销【总部】",上个月的毛利率是多少？,,指标类,毛利,,,,,,,,,,,,,,,,,
毛利率,"老板【总部】,采购【总部】,营销【总部】",为什么上个月的毛利率同比下滑了？,,归因类,毛利,,,,,,,,,,,,,,,,,
毛利率,"老板【总部】,区域经理【总部】,采购【总部】,营销【总部】",上个月华南区的毛利率是多少？,,指标类,毛利,,,,,,,,,,,,,,,,,
毛利率,"老板【总部】,区域经理【总部】,采购【总部】,营销【总部】",为什么上个月华南区的毛利率比前一个月下降了？,,归因类,毛利,,,,,,,,,,,,,,,,,
毛利率同比,"老板【总部】,区域经理【总部】,采购【总部】,营销【总部】,店长【门店】,品类长【门店】,采购【门店】",本周的毛利率与上周同期相比有何变化？,,指标类,毛利,,,,,,,,,,,,,,,,,
毛利率,"老板【总部】,采购【总部】,营销【总部】",今年3月份的毛利率,,指标类,毛利,,,,,,,,,,,,,,,,,
毛利率,"老板【总部】,区域经理【总部】,采购【总部】,营销【总部】",今年3月份华南区的毛利率,,指标类,毛利,,,,,,,,,,,,,,,,,
毛利率,"老板【总部】,采购【总部】,营销【总部】",上个月，哪些品类的毛利率最高？,,指标类,毛利,,,,,,,,,,,,,,,,,
毛利率,"老板【总部】,区域经理【总部】,采购【总部】,营销【总部】",上个月，华南区哪些品类的毛利率最高？,,指标类,毛利,,,,,,,,,,,,,,,,,
毛利率,"老板【总部】,区域经理【总部】,采购【总部】,营销【总部】,店长【门店】,采购【门店】",上个月，西湖店哪些品类的毛利率最高？,,指标类,毛利,,,,,,,,,,,,,,,,,
毛利率,"老板【总部】,采购【总部】,营销【总部】",上个月各个区域的毛利率,,分布类,毛利,,,,,,,,,,,,,,,,,
毛利率,"老板【总部】,区域经理【总部】,采购【总部】,营销【总部】,店长【门店】",今年西湖店的毛利率是多少？,,指标类,毛利,,,,,,,,,,,,,,,,,
毛利率,"老板【总部】,采购【总部】,营销【总部】",今年哪些门店的毛利率最低,,排名类,毛利,,,,,,,,,,,,,,,,,
毛利率,"老板【总部】,区域经理【总部】,采购【总部】,营销【总部】",今年华南区哪些门店的毛利率最低,,排名类,毛利,,,,,,,,,,,,,,,,,
毛利率,"老板【总部】,采购【总部】,营销【总部】",上个月母婴品类的毛利率,,指标类,毛利,,,,,,,,,,,,,,,,,
毛利率,"老板【总部】,区域经理【总部】,采购【总部】,营销【总部】",上个月华南区母婴品类的毛利率,,指标类,毛利,,,,,,,,,,,,,,,,,
毛利率,"老板【总部】,区域经理【总部】,采购【总部】,营销【总部】,店长【门店】,品类长【门店】,采购【门店】",上个月西湖店母婴品类的毛利率,,指标类,毛利,,,,,,,,,,,,,,,,,
毛利率,"老板【总部】,采购【总部】,营销【总部】",上周金枕榴莲的毛利率,,指标类,毛利,,,,,,,,,,,,,,,,,
毛利率,"老板【总部】,区域经理【总部】,采购【总部】,营销【总部】",上周华南区金枕榴莲的毛利率,,指标类,毛利,,,,,,,,,,,,,,,,,
毛利率,"老板【总部】,区域经理【总部】,采购【总部】,营销【总部】,店长【门店】,品类长【门店】,采购【门店】",上周西湖店金枕榴莲的毛利率,,指标类,毛利,,,,,,,,,,,,,,,,,
毛利率,"老板【总部】,营销【总部】",上个月线上渠道的毛利率,,指标类,毛利,,,,,,,,,,,,,,,,,
毛利率,"老板【总部】,区域经理【总部】,营销【总部】",华南区上个月线上渠道的毛利率,,指标类,毛利,,,,,,,,,,,,,,,,,
毛利率,"老板【总部】,区域经理【总部】,营销【总部】,店长【门店】",西湖店上个月线上渠道的毛利率,,指标类,毛利,,,,,,,,,,,,,,,,,
动销率,"老板【总部】,采购【总部】,营销【总部】",上个月的动销率是多少？,,指标类,销售,,,,,,,,,,,,,,,,,
动销率,"老板【总部】,采购【总部】,营销【总部】",为什么3月的动销率比去年低？,,归因类,销售,,,,,,,,,,,,,,,,,
动销率,"老板【总部】,区域经理【总部】,采购【总部】,营销【总部】",上个月华南区的动销率是多少？,,指标类,销售,,,,,,,,,,,,,,,,,
动销率,"老板【总部】,区域经理【总部】,采购【总部】,营销【总部】,店长【门店】,品类长【门店】,采购【门店】",上个月西湖店的动销率是多少？,,指标类,销售,,,,,,,,,,,,,,,,,
动销率,"老板【总部】,区域经理【总部】,采购【总部】,营销【总部】,店长【门店】,品类长【门店】,采购【门店】",为什么月西湖店3月的动销率比2月下降了？,,归因类,销售,,,,,,,,,,,,,,,,,
动销率,"老板【总部】,采购【总部】,营销【总部】",上个月不同区域中动销率最高的区域是哪一个？,,指标类,销售,,,,,,,,,,,,,,,,,
动销率,"老板【总部】,采购【总部】,营销【总部】",上个月各区域的动销率排名,,排名类,销售,,,,,,,,,,,,,,,,,
动销率,"老板【总部】,采购【总部】,营销【总部】",上个月哪些门店的动销率表现最好？,,排名类,销售,,,,,,,,,,,,,,,,,
动销率,"老板【总部】,区域经理【总部】,采购【总部】,营销【总部】",华南区上个月哪些门店的动销率表现最好？,,排名类,销售,,,,,,,,,,,,,,,,,
动销率,"老板【总部】,采购【总部】,营销【总部】",上个月哪些品类的动销率最高？,,排名类,销售,,,,,,,,,,,,,,,,,
动销率,"老板【总部】,区域经理【总部】,采购【总部】,营销【总部】",华南区上个月哪些品类的动销率最高？,,排名类,销售,,,,,,,,,,,,,,,,,
动销率,"老板【总部】,区域经理【总部】,采购【总部】,营销【总部】,店长【门店】,品类长【门店】,采购【门店】",西湖店上个月哪些品类的动销率最高？,,排名类,销售,,,,,,,,,,,,,,,,,
动销率,"老板【总部】,采购【总部】,营销【总部】",今年的动销率月趋势怎样？,,趋势类,销售,,,,,,,,,,,,,,,,,
动销率,"老板【总部】,区域经理【总部】,采购【总部】,营销【总部】",华南区今年的动销率月趋势怎样？,,趋势类,销售,,,,,,,,,,,,,,,,,
动销率,"老板【总部】,区域经理【总部】,采购【总部】,营销【总部】,店长【门店】,品类长【门店】,采购【门店】",西湖店今年的动销率月趋势怎样？,,趋势类,销售,,,,,,,,,,,,,,,,,
售价,,,,,商品,,,,,,,,,,,,,,,,,
日均销售额,,,,,销售,,,,,,,,,,,,,,,,,
销售人效,老板【总部】,上月的销售人效是多少？,,指标类,销售,,,,,,,,,,,,,,,,,
销售人效,老板【总部】,为什么上月的销售人效比前一个月下降了？,,归因类,销售,,,,,,,,,,,,,,,,,
销售人效,"老板【总部】,区域经理【总部】",华南区上月的销售人效是多少？,,指标类,销售,,,,,,,,,,,,,,,,,
销售人效,"老板【总部】,区域经理【总部】",为什么华南区上月的销售人效同比降低了？,,归因类,销售,,,,,,,,,,,,,,,,,
销售人效,"老板【总部】,区域经理【总部】,店长【门店】",西湖店上月的销售人效是多少？,,指标类,销售,,,,,,,,,,,,,,,,,
销售人效,"老板【总部】,区域经理【总部】,店长【门店】",为什么西湖店上月的销售人效环比下降了？,,归因类,销售,,,,,,,,,,,,,,,,,
销售人效同比,老板【总部】,上个月哪些区域的销售人效环比有提升？,,排名类,销售,,,,,,,,,,,,,,,,,
销售人效,老板【总部】,上个月，哪个区域的销售人效表现最为突出？,,指标类,销售,,,,,,,,,,,,,,,,,
销售人效,老板【总部】,上个月，哪些门店的销售人效最差？,,排名类,销售,,,,,,,,,,,,,,,,,
销售人效,"老板【总部】,区域经理【总部】",上个月，华南区哪些门店的销售人效最差？,,排名类,销售,,,,,,,,,,,,,,,,,
销售人效排名,"老板【总部】,区域经理【总部】,店长【门店】",深圳店在所有门店中销售人效排第几？,,指标类,销售,,,,,,,,,,,,,,,,,
销售人效排名,"老板【总部】,区域经理【总部】,店长【门店】",深圳店在华南区所有门店中销售人效排第几？,,指标类,销售,,,,,,,,,,,,,,,,,
销售人效,"老板【总部】,区域经理【总部】",在所有门店中，哪些门店的销售人效最需要改进？,,排名类,销售,,,,,,,,,,,,,,,,,
销售人效,老板【总部】,去年全年销售人效的波动情况如何，是否有明显的季节性变化？,,趋势类,销售,,,,,,,,,,,,,,,,,
销售人效,"老板【总部】,区域经理【总部】",华南区去年全年销售人效的波动情况如何，是否有明显的季节性变化？,,趋势类,销售,,,,,,,,,,,,,,,,,
销售人效,"老板【总部】,区域经理【总部】,店长【门店】",西湖店去年全年销售人效的波动情况如何，是否有明显的季节性变化？,,趋势类,销售,,,,,,,,,,,,,,,,,
销售坪效,老板【总部】,上月的销售坪效是多少？,,指标类,销售,,,,,,,,,,,,,,,,,
销售坪效,老板【总部】,为什么上月的销售坪效比前一个月下降了？,,归因类,销售,,,,,,,,,,,,,,,,,
销售坪效,"老板【总部】,区域经理【总部】",华南区上月的销售坪效是多少？,,指标类,销售,,,,,,,,,,,,,,,,,
销售坪效,"老板【总部】,区域经理【总部】",为什么华南区上月的销售坪效同比降低了？,,归因类,销售,,,,,,,,,,,,,,,,,
销售坪效,"老板【总部】,区域经理【总部】,店长【门店】",西湖店上月的销售坪效是多少？,,指标类,销售,,,,,,,,,,,,,,,,,
销售坪效,"老板【总部】,区域经理【总部】,店长【门店】",为什么西湖店上月的销售坪效环比下降了？,,归因类,销售,,,,,,,,,,,,,,,,,
销售坪效同比,老板【总部】,上个月哪些区域的销售坪效环比有提升？,,排名类,销售,,,,,,,,,,,,,,,,,
销售坪效,老板【总部】,上个月，哪个区域的销售坪效表现最为突出？,,指标类,销售,,,,,,,,,,,,,,,,,
销售坪效,老板【总部】,上个月，哪些门店的销售坪效最差？,,排名类,销售,,,,,,,,,,,,,,,,,
销售坪效,"老板【总部】,区域经理【总部】",上个月，华南区哪些门店的销售坪效最差？,,排名类,销售,,,,,,,,,,,,,,,,,
销售坪效排名,"老板【总部】,区域经理【总部】,店长【门店】",深圳店在所有门店中销售坪效排第几？,,指标类,销售,,,,,,,,,,,,,,,,,
销售坪效排名,"老板【总部】,区域经理【总部】,店长【门店】",深圳店在华南区所有门店中销售坪效排第几？,,指标类,销售,,,,,,,,,,,,,,,,,
销售坪效,"老板【总部】,区域经理【总部】",在所有门店中，哪些门店的销售坪效最需要改进？,,排名类,销售,,,,,,,,,,,,,,,,,
销售坪效,老板【总部】,去年全年销售坪效的波动情况如何，是否有明显的季节性变化？,,趋势类,销售,,,,,,,,,,,,,,,,,
销售坪效,"老板【总部】,区域经理【总部】",华南区去年全年销售坪效的波动情况如何，是否有明显的季节性变化？,,趋势类,销售,,,,,,,,,,,,,,,,,
销售坪效,"老板【总部】,区域经理【总部】,店长【门店】",西湖店去年全年销售坪效的波动情况如何，是否有明显的季节性变化？,,趋势类,销售,,,,,,,,,,,,,,,,,
会员销售额,"老板【总部】,营销【总部】",上个月，会员销售额是多少？,"上个月会员的销售金额是多少？
上月会员的营业收入如何？
上个月份的会员销售总额有多少？
前一个月会员的销售收入情况怎样？
前一个月会员的业绩如何？
最近一个月会员的营业收入是多少？
上个月份的会员销售收入怎样？
前一个月会员的营业收入如何？
会员在前一个月的销售额有多少？
最近一个月的会员销售情况如何？
上个月的会员销售业绩怎样？
上月会员的营业额是多少？
上个月会员的销售情况如何？
前一个月会员的销售金额有多少？
前一个月会员的销售总额如何？
最近一个月会员的收入情况怎样？
上个月会员的销售收入如何？
上月会员的营收情况如何？
上个月会员的销售业绩怎样？
前一个月会员的营业收入是多少？
最近一个月会员的销售收入情况如何？
上个月会员的销售额有多少？
上月会员的营业收入如何？",指标类,销售,,,,,,,,,,,,,,,,,
会员销售额,"老板【总部】,营销【总部】",4月的会员销售额为什么比3月低？,,归因类,销售,,,,,,,,,,,,,,,,,
会员销售额,"老板【总部】,区域经理【总部】,营销【总部】",华南区上个月，会员销售额是多少？,,指标类,销售,,,,,,,,,,,,,,,,,
会员销售额,"老板【总部】,区域经理【总部】,营销【总部】",华南区3月的会员销售额为什么环比下滑了？,,归因类,销售,,,,,,,,,,,,,,,,,
会员销售额占比,"老板【总部】,营销【总部】",昨天的会员销售额占总销售额的百分比是多少？,,指标类,销售,,,,,,,,,,,,,,,,,
会员销售额占比,"老板【总部】,区域经理【总部】,营销【总部】",华南区昨天的会员销售额占总销售额的百分比是多少？,,指标类,销售,,,,,,,,,,,,,,,,,
会员销售额占比,"老板【总部】,区域经理【总部】,营销【总部】,店长【门店】",西湖店昨天的会员销售额占总销售额的百分比是多少？,,指标类,销售,,,,,,,,,,,,,,,,,
会员销售额同比,"老板【总部】,营销【总部】",本周的会员销售额与上周相比有何变化？,,指标类,销售,,,,,,,,,,,,,,,,,
会员销售额同比,"老板【总部】,区域经理【总部】,营销【总部】",华南区本周的会员销售额与上周相比有何变化？,,指标类,销售,,,,,,,,,,,,,,,,,
会员销售额同比,"老板【总部】,区域经理【总部】,营销【总部】,店长【门店】",西湖店本周的会员销售额与上周相比有何变化？,,指标类,销售,,,,,,,,,,,,,,,,,
会员销售额,"老板【总部】,营销【总部】",上个月，各个区域的会员销售额怎样？,,分布类,销售,,,,,,,,,,,,,,,,,
会员销售额排名,"老板【总部】,营销【总部】",上个月，哪个区域的会员销售额最高？,,指标类,销售,,,,,,,,,,,,,,,,,
会员销售额,"老板【总部】,区域经理【总部】,营销【总部】,店长【门店】",本月西湖店的会员销售额是多少？,,指标类,销售,,,,,,,,,,,,,,,,,
会员销售额,"老板【总部】,营销【总部】",本月母婴品类的会员销售额是多少？,,指标类,销售,,,,,,,,,,,,,,,,,
会员销售额,"老板【总部】,区域经理【总部】,营销【总部】",本月华南区母婴品类的会员销售额是多少？,,指标类,销售,,,,,,,,,,,,,,,,,
会员销售额,"老板【总部】,区域经理【总部】,营销【总部】,店长【门店】,品类长【门店】",本月西湖店母婴品类的会员销售额是多少？,,指标类,销售,,,,,,,,,,,,,,,,,
会员销售额,"老板【总部】,营销【总部】",线上渠道会员销售额是多少？,,指标类,销售,,,,,,,,,,,,,,,,,
会员销售额,"老板【总部】,区域经理【总部】,营销【总部】",华南区线上渠道会员销售额是多少？,,指标类,销售,,,,,,,,,,,,,,,,,
会员销售额,"老板【总部】,区域经理【总部】,营销【总部】,店长【门店】",西湖店线上渠道会员销售额是多少？,,指标类,销售,,,,,,,,,,,,,,,,,
会员销售额,"老板【总部】,区域经理【总部】,营销【总部】,店长【门店】",去年全年，月会员销售额的增长趋势是怎样的？,,趋势类,销售,,,,,,,,,,,,,,,,,
会员销售额,"老板【总部】,区域经理【总部】,营销【总部】,店长【门店】",去年全年，西湖店的月会员销售额的增长趋势是怎样的？,,趋势类,销售,,,,,,,,,,,,,,,,,
会员销售额,"老板【总部】,区域经理【总部】,营销【总部】",去年全年，各区域的月会员销售额的增长趋势是怎样的？,,趋势类,销售,,,,,,,,,,,,,,,,,
非会员销售额,老板【总部】,,,,,,,,,,,,,,,,,,,,,
会员客单数,"老板【总部】,营销【总部】",昨天的会员客单数是多少？,,指标类,销售,,,,,,,,,,,,,,,,,
会员客单数,"老板【总部】,营销【总部】",昨天的会员客单数比前一天低的原因是什么？,,归因类,销售,,,,,,,,,,,,,,,,,
会员客单数,"老板【总部】,区域经理【总部】,营销【总部】",华南区昨天的会员客单数是多少？,,指标类,销售,,,,,,,,,,,,,,,,,
会员客单数,"老板【总部】,区域经理【总部】,营销【总部】",华南区昨天的会员客单数比去年低的原因是什么？,,归因类,销售,,,,,,,,,,,,,,,,,
会员客单数,"老板【总部】,区域经理【总部】,营销【总部】,店长【门店】",西湖店昨天的会员客单数是多少？,,指标类,销售,,,,,,,,,,,,,,,,,
会员客单数占比,"老板【总部】,营销【总部】",昨天的会员客单数占比是多少？,,指标类,销售,,,,,,,,,,,,,,,,,
会员客单数占比,"老板【总部】,区域经理【总部】,营销【总部】",华南区昨天的会员客单数占比是多少？,,指标类,销售,,,,,,,,,,,,,,,,,
会员客单数占比,"老板【总部】,区域经理【总部】,营销【总部】,店长【门店】",西湖店昨天的会员客单数占比是多少？,,指标类,销售,,,,,,,,,,,,,,,,,
会员客单数,"老板【总部】,营销【总部】",本周与上周相比，会员客单数有何变化？,,指标类,销售,,,,,,,,,,,,,,,,,
会员客单数,"老板【总部】,区域经理【总部】,营销【总部】",本周与上周相比，华南区会员客单数有何变化？,,指标类,销售,,,,,,,,,,,,,,,,,
会员客单数,"老板【总部】,区域经理【总部】,营销【总部】,店长【门店】",本周与上周相比，西湖店会员客单数有何变化？,,指标类,销售,,,,,,,,,,,,,,,,,
会员客单数占比,"老板【总部】,营销【总部】",本月的会员客单数占比是多少？,,指标类,销售,,,,,,,,,,,,,,,,,
会员客单数占比,"老板【总部】,区域经理【总部】,营销【总部】",华南区本月的会员客单数占比是多少？,,指标类,销售,,,,,,,,,,,,,,,,,
会员客单数占比,"老板【总部】,区域经理【总部】,营销【总部】,店长【门店】",西湖店本月的会员客单数占比是多少？,,指标类,销售,,,,,,,,,,,,,,,,,
会员客单数,"老板【总部】,营销【总部】",上个月，哪些区域的会员客单数同比增长最快？,,排名类,销售,,,,,,,,,,,,,,,,,
会员客单数占比,"老板【总部】,区域经理【总部】,营销【总部】,店长【门店】",上个月西湖店的会员客单数占比是多少？,,指标类,销售,,,,,,,,,,,,,,,,,
会员客单数,"老板【总部】,营销【总部】",上个月线上和线下渠道的会员客单数分别是多少？,,分布类,销售,,,,,,,,,,,,,,,,,
会员客单数,"老板【总部】,区域经理【总部】,营销【总部】",上个月华南区线上和线下渠道的会员客单数分别是多少？,,分布类,销售,,,,,,,,,,,,,,,,,
会员客单数,"老板【总部】,区域经理【总部】,营销【总部】,店长【门店】",上个月西湖店线上和线下渠道的会员客单数分别是多少？,,分布类,销售,,,,,,,,,,,,,,,,,
会员客单数,"老板【总部】,营销【总部】",去年全年，会员客单数的月增长趋势如何？,,趋势类,销售,,,,,,,,,,,,,,,,,
会员客单数,"老板【总部】,区域经理【总部】,营销【总部】",去年全年，华南区会员客单数的月增长趋势如何？,,趋势类,销售,,,,,,,,,,,,,,,,,
会员客单数,"老板【总部】,区域经理【总部】,营销【总部】,店长【门店】",去年全年，西湖店会员客单数的月增长趋势如何？,,趋势类,销售,,,,,,,,,,,,,,,,,
非会员客单数,,,,,,,,,,,,,,,,,,,,,,
会员客单价,"老板【总部】,营销【总部】",昨天的会员客单价是多少？,,指标类,销售,,,,,,,,,,,,,,,,,
会员客单价,"老板【总部】,营销【总部】",4月的会员客单价同比下滑的影响因素是什么？,,归因类,销售,,,,,,,,,,,,,,,,,
会员客单价,"老板【总部】,区域经理【总部】,营销【总部】",华南区昨天的会员客单价是多少？,,指标类,销售,,,,,,,,,,,,,,,,,
会员客单价,"老板【总部】,区域经理【总部】,营销【总部】",为什么华南区4月的会员客单价比3月低？,,归因类,销售,,,,,,,,,,,,,,,,,
会员客单价,"老板【总部】,区域经理【总部】,营销【总部】,店长【门店】",西湖店昨天的会员客单价是多少？,,指标类,销售,,,,,,,,,,,,,,,,,
会员客单价,"老板【总部】,营销【总部】",本周与上周相比，会员客单价有何变化？,,指标类,销售,,,,,,,,,,,,,,,,,
会员客单价,"老板【总部】,区域经理【总部】,营销【总部】",本周与上周相比，华南区会员客单价有何变化？,,指标类,销售,,,,,,,,,,,,,,,,,
会员客单价,"老板【总部】,区域经理【总部】,营销【总部】,店长【门店】",本周与上周相比，西湖店会员客单价有何变化？,,指标类,销售,,,,,,,,,,,,,,,,,
会员客单价,"老板【总部】,营销【总部】",本月各区域的会员客单价是多少？,,指标类,销售,,,,,,,,,,,,,,,,,
会员客单价,"老板【总部】,营销【总部】",上个月，哪些区域的会员客单价增长最快？,,排名类,销售,,,,,,,,,,,,,,,,,
会员客单价,"老板【总部】,区域经理【总部】,营销【总部】,店长【门店】",上个月，西湖店的会员客单价是多少？,,指标类,销售,,,,,,,,,,,,,,,,,
会员客单价,"老板【总部】,营销【总部】",上个月，线上和线下渠道的会员客单价分别是多少？,,排名类,销售,,,,,,,,,,,,,,,,,
会员客单价,"老板【总部】,区域经理【总部】,营销【总部】",上个月，华南区线上和线下渠道的会员客单价分别是多少？,,排名类,销售,,,,,,,,,,,,,,,,,
会员客单价,"老板【总部】,区域经理【总部】,营销【总部】,店长【门店】",上个月，西湖店线上和线下渠道的会员客单价分别是多少？,,排名类,销售,,,,,,,,,,,,,,,,,
会员客单价,"老板【总部】,营销【总部】",去年全年，会员客单价的月增长趋势如何？,,趋势类,销售,,,,,,,,,,,,,,,,,
会员客单价,"老板【总部】,区域经理【总部】,营销【总部】",去年全年，华南区会员客单价的月增长趋势如何？,,趋势类,销售,,,,,,,,,,,,,,,,,
会员客单价,"老板【总部】,区域经理【总部】,营销【总部】,店长【门店】",去年全年，西湖店会员客单价的月增长趋势如何？,,趋势类,销售,,,,,,,,,,,,,,,,,
非会员客单数,,,,,,,,,,,,,,,,,,,,,,
新增会员数,"老板【总部】,营销【总部】",昨天新增了多少会员？,,指标类,销售,,,,,,,,,,,,,,,,,
新增会员数,"老板【总部】,营销【总部】",为什么3月新增的会员比2月低很多？,,归因类,销售,,,,,,,,,,,,,,,,,
新增会员数,"老板【总部】,区域经理【总部】,营销【总部】",华南区昨天新增了多少会员？,,指标类,销售,,,,,,,,,,,,,,,,,
新增会员数,"老板【总部】,区域经理【总部】,营销【总部】",为什么华南区3月的新增会员同比下滑了？,,归因类,销售,,,,,,,,,,,,,,,,,
新增会员数,"老板【总部】,区域经理【总部】,营销【总部】,店长【门店】",西湖店昨天新增了多少会员？,,指标类,销售,,,,,,,,,,,,,,,,,
新增会员数,"老板【总部】,营销【总部】",上个月，哪个区域的新增会员环比增长最快？,,指标类,销售,,,,,,,,,,,,,,,,,
新增会员数,"老板【总部】,营销【总部】",最近6个月，新增会员数是否有显著的波动？,,趋势类,销售,,,,,,,,,,,,,,,,,
新增会员数,"老板【总部】,区域经理【总部】,营销【总部】",最近6个月，华南区新增会员数是否有显著的波动？,,趋势类,销售,,,,,,,,,,,,,,,,,
新增会员数,"老板【总部】,区域经理【总部】,营销【总部】,店长【门店】",最近6个月，西湖店新增会员数是否有显著的波动？,,趋势类,销售,,,,,,,,,,,,,,,,,
新增会员数,"老板【总部】,营销【总部】",上个月，哪些门店的新增会员最多？,,分布类,销售,,,,,,,,,,,,,,,,,
新增会员数,"老板【总部】,区域经理【总部】,营销【总部】",上个月，华南区哪些门店的新增会员最多？,,分布类,销售,,,,,,,,,,,,,,,,,
新增会员数,"老板【总部】,营销【总部】",上个月，线上渠道的新增会员有多少？,,指标类,销售,,,,,,,,,,,,,,,,,
新增会员数,"老板【总部】,区域经理【总部】,营销【总部】",上个月，华南区线上渠道的新增会员有多少？,,指标类,销售,,,,,,,,,,,,,,,,,
新增会员数,"老板【总部】,区域经理【总部】,营销【总部】,店长【门店】",上个月，西湖店线上渠道的新增会员有多少？,,指标类,销售,,,,,,,,,,,,,,,,,
新增会员数,"老板【总部】,营销【总部】",今年一共新增了多少会员？,,指标类,销售,,,,,,,,,,,,,,,,,
新增会员数,"老板【总部】,区域经理【总部】,营销【总部】",华南区今年一共新增了多少会员？,,指标类,销售,,,,,,,,,,,,,,,,,
新增会员数,"老板【总部】,区域经理【总部】,营销【总部】,店长【门店】",西湖店今年一共新增了多少会员？,,指标类,销售,,,,,,,,,,,,,,,,,
新增会员数,"老板【总部】,营销【总部】",上个月，各大区的新增会员数分布如何？,,分布类,销售,,,,,,,,,,,,,,,,,
有效会员数,,,,,,,,,,,,,,,,,,,,,,
活跃会员数,"老板【总部】,营销【总部】",上个月有多少活跃会员？,,指标类,销售,,,,,,,,,,,,,,,,,
活跃会员数,"老板【总部】,营销【总部】",为什么上个月的活跃会员环比降低了？,,归因类,销售,,,,,,,,,,,,,,,,,
活跃会员数,"老板【总部】,区域经理【总部】,营销【总部】",华南区上个月有多少活跃会员？,,指标类,销售,,,,,,,,,,,,,,,,,
活跃会员数,"老板【总部】,区域经理【总部】,营销【总部】",为什么华南区上个月的活跃会员同比下滑了？,,归因类,销售,,,,,,,,,,,,,,,,,
活跃会员数,"老板【总部】,区域经理【总部】,营销【总部】,店长【门店】",西湖店上个月有多少活跃会员？,,指标类,销售,,,,,,,,,,,,,,,,,
活跃会员数,"老板【总部】,营销【总部】",上个月，哪个区域的活跃会员最多？,,指标类,销售,,,,,,,,,,,,,,,,,
活跃会员数,"老板【总部】,营销【总部】",最近6个月，活跃会员是否有显著的波动？,,趋势类,销售,,,,,,,,,,,,,,,,,
活跃会员数,"老板【总部】,区域经理【总部】,营销【总部】",最近6个月，华南区活跃会员是否有显著的波动？,,趋势类,销售,,,,,,,,,,,,,,,,,
活跃会员数,"老板【总部】,区域经理【总部】,营销【总部】,店长【门店】",最近6个月，西湖店活跃会员是否有显著的波动？,,趋势类,销售,,,,,,,,,,,,,,,,,
活跃会员数,"老板【总部】,区域经理【总部】,营销【总部】",上个月，哪些门店的活跃会员最多？,,分布类,销售,,,,,,,,,,,,,,,,,
活跃会员数,"老板【总部】,营销【总部】",上个月，线上渠道的活跃会员有多少？,,指标类,销售,,,,,,,,,,,,,,,,,
活跃会员数,"老板【总部】,区域经理【总部】,营销【总部】",上个月，华南区线上渠道的活跃会员有多少？,,指标类,销售,,,,,,,,,,,,,,,,,
活跃会员数,"老板【总部】,区域经理【总部】,营销【总部】,店长【门店】",上个月，西湖店线上渠道的活跃会员有多少？,,指标类,销售,,,,,,,,,,,,,,,,,
活跃会员数,"老板【总部】,营销【总部】",上个月，各大区的活跃会员数分布如何？,,分布类,销售,,,,,,,,,,,,,,,,,
库存额,"老板【总部】,采购【总部】",昨天的库存额是多少？,,指标类,库存,,,,,,,,,,,,,,,,,
库存额,"老板【总部】,采购【总部】",为什么4月的库存额比3月上升了这么多？,,归因类,库存,,,,,,,,,,,,,,,,,
库存额,"老板【总部】,区域经理【总部】,采购【总部】",华南区昨天的库存额是多少？,,指标类,库存,,,,,,,,,,,,,,,,,
库存额,"老板【总部】,区域经理【总部】,采购【总部】",为什么华南区上个月的库存额比前一个月增加了？,,归因类,库存,,,,,,,,,,,,,,,,,
库存额,"老板【总部】,区域经理【总部】,采购【总部】,店长【门店】,采购【门店】",西湖店昨天的库存额是多少？,,指标类,库存,,,,,,,,,,,,,,,,,
库存额,"老板【总部】,区域经理【总部】,采购【总部】,店长【门店】,采购【门店】",为什么西湖店4月的库存额比前一个月高出很多？,,归因类,库存,,,,,,,,,,,,,,,,,
库存额,"老板【总部】,采购【总部】",上个月每个区域的库存分别是多少？,,分布类,库存,,,,,,,,,,,,,,,,,
库存额,采购【总部】,3月份每天的库存额如何？,,趋势类,库存,,,,,,,,,,,,,,,,,
库存额,区域经理【总部】,华南区3月份每天的库存额如何？,,趋势类,库存,,,,,,,,,,,,,,,,,
库存额,"采购【总部】,采购【门店】",西湖店3月份每天的库存额如何？,,趋势类,库存,,,,,,,,,,,,,,,,,
库存额,"老板【总部】,区域经理【总部】,采购【总部】,店长【门店】,采购【门店】",上个月，西湖店的库存额是多少？,,指标类,库存,,,,,,,,,,,,,,,,,
库存额,"老板【总部】,采购【总部】",去年，母婴品类库存额是多少？,,指标类,库存,,,,,,,,,,,,,,,,,
库存额,"老板【总部】,区域经理【总部】,采购【总部】",去年，华南区母婴品类库存额是多少？,,指标类,库存,,,,,,,,,,,,,,,,,
库存额,"老板【总部】,区域经理【总部】,采购【总部】,店长【门店】,品类长【门店】,采购【门店】",去年，西湖店母婴品类库存额是多少？,,指标类,库存,,,,,,,,,,,,,,,,,
库存额,"老板【总部】,采购【总部】",昨天库存额最高的5个商品是什么，它们各自的销售额是多少？,,分布类,库存,,,,,,,,,,,,,,,,,
库存额,"老板【总部】,区域经理【总部】,采购【总部】",华南区昨天库存额最高的5个商品是什么，它们各自的销售额是多少？,,分布类,库存,,,,,,,,,,,,,,,,,
库存额,"老板【总部】,区域经理【总部】,采购【总部】,店长【门店】,品类长【门店】,采购【门店】",西湖店昨天库存额最高的5个商品是什么，它们各自的销售额是多少？,,分布类,库存,,,,,,,,,,,,,,,,,
库存额,"老板【总部】,采购【总部】",上个月，库存额最高的品类是哪些？,,分布类,库存,,,,,,,,,,,,,,,,,
库存额,"老板【总部】,区域经理【总部】,采购【总部】",上个月，华南区库存额最高的品类是哪些？,,分布类,库存,,,,,,,,,,,,,,,,,
库存额,"老板【总部】,区域经理【总部】,采购【总部】,店长【门店】,品类长【门店】,采购【门店】",上个月，西湖店库存额最高的品类是哪些？,,分布类,库存,,,,,,,,,,,,,,,,,
库存量,"店长【门店】,品类长【门店】,采购【门店】",西湖店昨天金枕榴莲的库存量是多少？,,指标类,库存,,,,,,,,,,,,,,,,,
库存量,"店长【门店】,品类长【门店】,采购【门店】",现在麒麟瓜还有多少斤库存？,,指标类,库存,,,,,,,,,,,,,,,,,
库存量,采购【总部】,本月金枕榴莲的库存量趋势如何？,,趋势类,库存,,,,,,,,,,,,,,,,,
库存量,采购【总部】,本月华南区金枕榴莲的库存量趋势如何？,,趋势类,库存,,,,,,,,,,,,,,,,,
库存量,"采购【总部】,店长【门店】,品类长【门店】,采购【门店】",本月西湖店金枕榴莲的库存量趋势如何？,,趋势类,库存,,,,,,,,,,,,,,,,,
库存量,"店长【门店】,品类长【门店】,采购【门店】",西湖店近7天麒麟瓜的库存量趋势怎样？,,趋势类,库存,,,,,,,,,,,,,,,,,
库存量,"店长【门店】,品类长【门店】,采购【门店】",西湖店上个月西瓜类库存量最高的商品是哪些？,,分布类,库存,,,,,,,,,,,,,,,,,
库存量,"老板【总部】,采购【总部】",昨天各大区美心月饼的库存量情况怎样？,,分布类,库存,,,,,,,,,,,,,,,,,
库存量,"老板【总部】,采购【总部】",昨天美心月饼的库存量最高的门店有哪些？,,分布类,库存,,,,,,,,,,,,,,,,,
库存量,"老板【总部】,区域经理【总部】,采购【总部】",华南区昨天美心月饼的库存量最高的门店有哪些？,,分布类,库存,,,,,,,,,,,,,,,,,
周转天数,"老板【总部】,采购【总部】",上个月的库存周转天数是多少？,,指标类,库存,,,,,,,,,,,,,,,,,
周转天数,"老板【总部】,采购【总部】",为什么上个月的库存周转天数同比增加了？,,归因类,库存,,,,,,,,,,,,,,,,,
周转天数,"老板【总部】,区域经理【总部】,采购【总部】",华南区上个月的库存周转天数是多少？,,指标类,库存,,,,,,,,,,,,,,,,,
周转天数,"老板【总部】,区域经理【总部】,采购【总部】",为什么华南区上个月的库存周转天数环比增加了？,,归因类,库存,,,,,,,,,,,,,,,,,
周转天数,"老板【总部】,区域经理【总部】,采购【总部】,店长【门店】,品类长【门店】,采购【门店】",西湖店上个月的库存周转天数是多少？,,指标类,库存,,,,,,,,,,,,,,,,,
周转天数,"老板【总部】,区域经理【总部】,采购【总部】,店长【门店】,品类长【门店】,采购【门店】",为什么西湖店4月的库存周转天数比3月增加了？,,归因类,库存,,,,,,,,,,,,,,,,,
周转天数,"老板【总部】,采购【总部】",上个月的库存周转天数同比,,指标类,库存,,,,,,,,,,,,,,,,,
周转天数,"老板【总部】,区域经理【总部】,采购【总部】",华南区上个月的库存周转天数同比,,指标类,库存,,,,,,,,,,,,,,,,,
周转天数,"老板【总部】,区域经理【总部】,采购【总部】,店长【门店】,品类长【门店】,采购【门店】",西湖店上个月的库存周转天数同比,,指标类,库存,,,,,,,,,,,,,,,,,
周转天数,"老板【总部】,采购【总部】",今年至今的库存周转天数,,指标类,库存,,,,,,,,,,,,,,,,,
周转天数,"老板【总部】,区域经理【总部】,采购【总部】",华南区今年至今的库存周转天数,,指标类,库存,,,,,,,,,,,,,,,,,
周转天数,"老板【总部】,区域经理【总部】,采购【总部】,店长【门店】,品类长【门店】,采购【门店】",西湖店今年至今的库存周转天数,,指标类,库存,,,,,,,,,,,,,,,,,
周转天数,"老板【总部】,采购【总部】",上个月，各区域的库存周转天数？,,排名类,库存,,,,,,,,,,,,,,,,,
周转天数,"老板【总部】,区域经理【总部】,采购【总部】,店长【门店】",上个月西湖店的库存周转天数是多少？,,指标类,库存,,,,,,,,,,,,,,,,,
周转天数,"老板【总部】,采购【总部】",上个月母婴品类的库存周转天数是多少？,,指标类,库存,,,,,,,,,,,,,,,,,
周转天数,"老板【总部】,采购【总部】,区域经理【总部】",上个月华南区母婴品类的库存周转天数是多少？,,指标类,库存,,,,,,,,,,,,,,,,,
周转天数,"老板【总部】,采购【总部】,区域经理【总部】,店长【门店】,品类长【门店】,采购【门店】",上个月西湖店母婴品类的库存周转天数是多少？,,指标类,库存,,,,,,,,,,,,,,,,,
周转天数,"店长【门店】,品类长【门店】,采购【门店】",西湖店金枕榴莲上个月的库存周转天数是多少？,,指标类,库存,,,,,,,,,,,,,,,,,
周转天数,"老板【总部】,采购【总部】",去年全年，月库存周转天数呈现何种趋势？,,趋势类,库存,,,,,,,,,,,,,,,,,
周转天数,"老板【总部】,采购【总部】,区域经理【总部】",去年全年，华南区月库存周转天数呈现何种趋势？,,趋势类,库存,,,,,,,,,,,,,,,,,
周转天数,"老板【总部】,采购【总部】,区域经理【总部】,店长【门店】,品类长【门店】,采购【门店】",去年全年，西湖店月库存周转天数呈现何种趋势？,,趋势类,库存,,,,,,,,,,,,,,,,,
销进比,,,,,,,,,,,,,,,,,,,,,,
缺货率,,,,,,,,,,,,,,,,,,,,,,
断货率,,,,,,,,,,,,,,,,,,,,,,
提篮量,"老板【总部】,营销【总部】",上个月的提篮量是多少？,,指标类,销售,,,,,,,,,,,,,,,,,
提篮量,"老板【总部】,营销【总部】",为什么上个月的提篮量同比下降了？,,归因类,销售,,,,,,,,,,,,,,,,,
提篮量,"老板【总部】,区域经理【总部】,营销【总部】",华南区上个月的提篮量是多少？,,指标类,销售,,,,,,,,,,,,,,,,,
提篮量,"老板【总部】,区域经理【总部】,营销【总部】",为什么华南区上个月的提篮量同比下降了？,,归因类,销售,,,,,,,,,,,,,,,,,
提篮量,"老板【总部】,区域经理【总部】,营销【总部】,店长【门店】",西湖店上个月的提篮量是多少？,,指标类,销售,,,,,,,,,,,,,,,,,
提篮量,"老板【总部】,营销【总部】",上个月各区域的提篮量是多少？,,排名类,销售,,,,,,,,,,,,,,,,,
提篮量,"老板【总部】,营销【总部】",上个月提篮量最高的门店是哪些？,,排名类,销售,,,,,,,,,,,,,,,,,
提篮量,"老板【总部】,区域经理【总部】,营销【总部】",上个月华南区提篮量最高的门店是哪些？,,排名类,销售,,,,,,,,,,,,,,,,,
提篮量,"老板【总部】,营销【总部】",近6个月的提篮量趋势如何？,,趋势类,销售,,,,,,,,,,,,,,,,,
提篮量,"老板【总部】,区域经理【总部】,营销【总部】",华南区近6个月的提篮量趋势如何？,,趋势类,销售,,,,,,,,,,,,,,,,,
提篮量,"老板【总部】,区域经理【总部】,营销【总部】,店长【门店】",西湖店近6个月的提篮量趋势如何？,,趋势类,销售,,,,,,,,,,,,,,,,,
提篮量,"老板【总部】,营销【总部】",上个月哪些门店的提篮量最差？,,排名类,销售,,,,,,,,,,,,,,,,,
提篮量,"老板【总部】,区域经理【总部】,营销【总部】",上个月华南区哪些门店的提篮量最差？,,排名类,销售,,,,,,,,,,,,,,,,,
提篮量,店长【门店】,3月份每天的提篮量是多少？,,趋势类,销售,,,,,,,,,,,,,,,,,
提篮量,"老板【总部】,营销【总部】",哪些区域的提篮量增长最快？,,排名类,销售,,,,,,,,,,,,,,,,,
提篮量,"老板【总部】,营销【总部】",哪些区域的提篮量增长最多？,,排名类,销售,,,,,,,,,,,,,,,,,
入篮率,"老板【总部】,营销【总部】,采购【总部】",上个月蔬菜品类的入篮率是多少？,,指标类,商品,,,,,,,,,,,,,,,,,
入篮率,"老板【总部】,营销【总部】,采购【总部】",为什么上个月蔬菜品类的入篮率环比下降了？,,归因类,商品,,,,,,,,,,,,,,,,,
入篮率,"老板【总部】,营销【总部】,采购【总部】",上个月华南区蔬菜品类的入篮率是多少？,,指标类,商品,,,,,,,,,,,,,,,,,
入篮率,"老板【总部】,营销【总部】,采购【总部】",为什么上个月华南区蔬菜品类的入篮率比前一个月下滑了？,,归因类,商品,,,,,,,,,,,,,,,,,
入篮率,"老板【总部】,营销【总部】,店长【门店】,品类长【门店】,采购【总部】,采购【门店】",上个月西湖店蔬菜品类的入篮率是多少？,,指标类,商品,,,,,,,,,,,,,,,,,
入篮率,"老板【总部】,营销【总部】,采购【总部】",上个月飞天茅台的入篮率是多少？,,指标类,商品,,,,,,,,,,,,,,,,,
入篮率,"老板【总部】,营销【总部】,采购【总部】",上个月华南区飞天茅台的入篮率是多少？,,指标类,商品,,,,,,,,,,,,,,,,,
入篮率,"老板【总部】,营销【总部】,店长【门店】,品类长【门店】,采购【总部】,采购【门店】",上个月西湖店飞天茅台的入篮率是多少？,,指标类,商品,,,,,,,,,,,,,,,,,
入篮率,"老板【总部】,营销【总部】,采购【总部】",昨天麒麟瓜的入篮率是多少？,,指标类,商品,,,,,,,,,,,,,,,,,
入篮率,"老板【总部】,营销【总部】,采购【总部】",华南区昨天麒麟瓜的入篮率是多少？,,指标类,商品,,,,,,,,,,,,,,,,,
入篮率,"老板【总部】,营销【总部】,店长【门店】,品类长【门店】,采购【总部】,采购【门店】",西湖店昨天麒麟瓜的入篮率是多少？,,指标类,商品,,,,,,,,,,,,,,,,,
入篮率,"老板【总部】,营销【总部】,采购【总部】",上个月入篮率最高的商品有哪些？,,排名类,商品,,,,,,,,,,,,,,,,,
入篮率,"老板【总部】,营销【总部】,采购【总部】",上个月华南区入篮率最高的商品有哪些？,,排名类,商品,,,,,,,,,,,,,,,,,
入篮率,"老板【总部】,营销【总部】,店长【门店】,品类长【门店】,采购【总部】,采购【门店】",上个月西湖店入篮率最高的商品有哪些？,,排名类,商品,,,,,,,,,,,,,,,,,
入篮率,"老板【总部】,营销【总部】,采购【总部】",飞天茅台近6个月的入篮率有什么变化？,,趋势类,商品,,,,,,,,,,,,,,,,,
入篮率,"老板【总部】,营销【总部】,采购【总部】",华南区飞天茅台近6个月的入篮率有什么变化？,,趋势类,商品,,,,,,,,,,,,,,,,,
入篮率,"老板【总部】,营销【总部】,店长【门店】,品类长【门店】,采购【总部】,采购【门店】",西湖店飞天茅台近6个月的入篮率有什么变化？,,趋势类,商品,,,,,,,,,,,,,,,,,
